Date,T_Max,T_Min,RH_1,RH_2,Wind_speed,sunshine_hours,rainfall,evaporation
1/1/2016,16.8,12.4,100,98,13.75,0,8.5,1.16
1/2/2016,16.2,11.4,98,98,6.66,3,2.3,0.97
1/3/2016,18.8,12,92,98,5.92,5.8,0,1.58
1/4/2016,19.8,12.6,94,94,4.63,7.1,0,1.84
1/5/2016,20.2,14.8,96,74,5.52,10.4,0.2,1.47
1/6/2016,20,14.2,92,92,7.04,10.1,21.6,1.01
1/7/2016,16.6,13.6,98,98,5.56,10.7,2.5,0.11
1/8/2016,18.4,12.6,100,98,3.82,11,0,0.73
1/9/2016,19.8,12.6,85,98,2.65,11,0,0.4
1/10/2016,19,14.4,87,96,3.24,10,0.1,1.67
1/11/2016,19.2,11.4,94,98,3.25,10.6,0.4,0.26
1/12/2016,21.4,10,94,86,3.28,10.9,0,2.64
1/13/2016,19.4,11.4,61,87,3.13,10.7,0,4.39
1/14/2016,20.6,7.4,86,86,2.96,7.8,0,1.58
1/15/2016,20.5,7.8,74,94,2.97,8.6,0,2.73
1/16/2016,20,10,68,85,4.62,7.9,0,3.65
1/17/2016,20.4,9.6,73,86,3.31,11,0,2.35
1/18/2016,21,12,71,84,3.07,9.5,0,3.64
1/19/2016,21.6,10.6,74,78,2.05,7.9,0,3.02
1/20/2016,22.2,12,68,87,1.63,5.3,0,2.1
1/21/2016,22.4,10.6,76,91,1.56,0.3,0,1.35
1/22/2016,21,11.2,70,96,2.47,0,0,4.41
1/23/2016,22.2,14.6,90,78,3.98,0,3.7,0.53
1/24/2016,19.2,12.6,96,98,1.66,0,13.2,1.12
1/25/2016,18.8,13.6,96,94,2.91,0,0,1.46
1/26/2016,20.2,10.4,92,89,2.5,0,0,2.96
1/27/2016,20.2,7.4,72,89,1.69,0.5,0,2.96
1/28/2016,20.8,10.2,71,81,2.62,1.6,0,4.04
1/29/2016,21.6,10,54,70,2.61,5.4,0,4.95
1/30/2016,19.6,9.4,71,75,2.04,0,0,0.85
1/31/2016,19.2,10.8,75,89,5.32,5.5,0,3.63
2/1/2016,20,11.8,80,71,11.17,11.7,0,6.05
2/2/2016,19,9,73,72,9.52,6.3,0,4.84
2/3/2016,19.6,8.4,55,67,6.11,11.5,0,4.59
2/4/2016,18.8,10.6,84,85,4.8,9.4,0,2.95
2/5/2016,18.4,11.8,92,89,2.61,1.3,0,2.12
2/6/2016,21.4,13.4,80,81,1.79,3.6,0,1.24
2/7/2016,21.6,12.2,84,89,1.84,3.5,0,3.34
2/8/2016,21.4,11.4,75,91,1.64,3.7,0,2.26
2/9/2016,20.8,13.8,96,94,1.52,4,0,0.37
2/10/2016,21,11.4,94,87,1.7,2.1,0,3.38
2/11/2016,22.8,11.6,66,71,2.07,10.2,0,4.07
2/12/2016,24,11.8,72,69,2.47,11.1,0,5.66
2/13/2016,22.4,10.4,96,91,2.61,9.8,0,2.92
2/14/2016,21.2,12.2,59,93,2.8,9.4,0,4.44
2/15/2016,19.2,11.6,96,98,5.36,0.3,3.9,1.12
2/16/2016,16.4,12,94,96,11.29,0.2,1.3,1.51
2/17/2016,16.2,14.4,100,98,15.98,0,24.7,2.35
2/18/2016,16.8,13.4,98,98,12.96,0,18.2,0.58
2/19/2016,19.8,13.4,100,94,7.43,6.8,0,3.12
2/20/2016,20.8,12,92,93,5.02,8.2,0,3.28
2/21/2016,23.6,12.4,69,178,4.63,11.1,0,6
2/22/2016,23.8,9,63,78,4.37,10.7,0,3.53
2/23/2016,24,10.4,54,73,4.4,10.7,0,3.49
2/24/2016,21.4,14.6,92,96,3.91,7,21.8,3.03
2/25/2016,18.4,10.8,92,94,3.2,0.4,6.1,1.04
2/26/2016,19.6,12.8,72,86,10.35,9.7,0,3.9
2/27/2016,19.4,11.2,92,94,9.15,8,0.5,2.39
2/28/2016,20.2,13.6,79,86,5.83,10.2,0,3.58
2/29/2016,20.8,11.8,92,94,5.31,5.2,0,3.84
3/1/2016,20.8,11,88,86,4.91,7.7,0,2.8
3/2/2016,19.8,11.4,81,85,4.98,8.9,0,2.68
3/3/2016,20.2,13,85,82,4.1,9.3,0,3.89
3/4/2016,20.4,12.4,94,96,3.22,4.5,0,0.71
3/5/2016,21.4,10.6,75,87,2.06,6.9,0,3.16
3/6/2016,20.8,10.6,78,87,2.63,8.6,0,2.93
3/7/2016,21,11.8,90,86,1.84,3.9,0,1.25
3/8/2016,21.4,9.4,89,91,3.1,5.9,0,2.94
3/9/2016,21.4,13.6,78,89,1.64,1.9,0,1.7
3/10/2016,23.2,13,66,91,4.86,5.9,0,4.09
3/11/2016,22.4,11.2,77,93,2.27,7.9,0,2.39
3/12/2016,23,11.4,76,78,3.2,9.8,0,4.49
3/13/2016,23.4,9,63,80,3.23,8.1,0,5.25
3/14/2016,23.2,11,62,77,3.07,10,0,6.67
3/15/2016,23.2,11,68,83,2.8,8.7,0,4.33
3/16/2016,23.4,9.4,75,89,2.81,8.2,0,3.78
3/17/2016,23.4,10.8,63,81,3.43,8.6,0,4.18
3/18/2016,24,13.4,60,70,8.71,11.2,0,4.87
3/19/2016,23.2,10.6,60,63,5.47,10.9,0,5.38
3/20/2016,24.2,9.8,63,65,9.37,9.8,0,7.16
3/21/2016,23.2,14.4,98,98,9.31,1.8,0,5.43
3/22/2016,24.8,13,68,49,3.64,10.7,0,7.56
3/23/2016,24.4,13,44,64,5.83,11,0,5.58
3/24/2016,23.8,9.4,44,59,3.5,9.6,0,5.28
3/25/2016,23.4,12.6,50,69,3.3,8.6,0,5.13
3/26/2016,22.6,13.2,54,65,3.32,10.4,0,6.17
3/27/2016,23.8,13.4,56,70,3.16,8.3,19.4,5.68
3/28/2016,22.4,12.6,91,89,2.22,3.7,28.1,2.1
3/29/2016,22.6,13.2,89,86,2.56,5.4,3.2,1.46
3/30/2016,21.4,13.4,89,87,2.96,5.3,3.1,2.26
3/31/2016,21.8,12.6,92,86,3.01,5.6,2.1,0.91
4/1/2016,22.4,10,79,93,3.03,5.9,0,4.05
4/2/2016,22,9.8,63,83,3.14,9.9,0,4.2
4/3/2016,22.4,9.6,62,87,2.8,8.4,0,4.3
4/4/2016,23.2,11.2,50,91,2.93,7,0,2.5
4/5/2016,23.2,13.2,59,86,2.73,8.1,0,2.9
4/6/2016,23.8,14,86,98,1.28,4.6,21.4,3.3
4/7/2016,22.4,14.4,73,92,3.24,6.2,0,3.4
4/8/2016,22.8,10.6,65,83,3.85,9.7,0,3.6
4/9/2016,22.6,12.8,65,83,3.67,9.8,0,4.6
4/10/2016,21,13.4,75,84,3.05,6.7,0,3.5
4/11/2016,22.8,12.2,81,88,3.15,7.5,0,2.32
4/12/2016,22.8,14,82,96,0.98,5.3,0,4.38
4/13/2016,23.2,13.4,79,88,1.38,6.1,0,1.53
4/14/2016,23.2,11,70,86,2.87,7.8,0.9,2.67
4/15/2016,22.8,11,86,88,2.96,9.2,0,3.35
4/16/2016,22.6,13.6,91,88,2.88,9,0,3.73
4/17/2016,23,13.6,81,91,2.4,6.4,1.6,1.44
4/18/2016,23,14.6,75,88,3.46,8.4,0,4.26
4/19/2016,22.4,14.4,86,98,3.41,5.2,4.3,0.35
4/20/2016,22.2,13.8,87,86,3.09,7.3,10.5,4.05
4/21/2016,23.2,12.4,83,71,3.01,9.5,0,4.68
4/22/2016,23.2,14.2,78,80,2.93,10.2,0,2.1
4/23/2016,23.8,10.4,84,89,1.2,6.6,0,2.76
4/24/2016,24.2,12.6,47,71,3.09,11.2,0,4.78
4/25/2016,23.4,13.4,62,80,3.8,11.1,0,4.18
4/26/2016,23.4,13.4,81,91,3.07,7.7,2.6,3.36
4/27/2016,22.6,13.6,81,80,3.3,7.3,0,3.39
4/28/2016,22.6,12.8,82,77,4.14,9.9,0,4.72
4/29/2016,22.6,13.4,75,77,4.42,10,0,4.72
4/30/2016,22.4,13.6,89,98,2.9,4.4,14.2,4.3
5/1/2016,21.6,12.8,83,95,2.14,3.7,1.5,1.28
5/2/2016,22.6,13.4,83,86,2.29,5.9,0,4.18
5/3/2016,22.8,11.6,81,88,3.08,9.6,0,3.75
5/4/2016,22.6,13.2,74,89,3.78,7.9,0,2.54
5/5/2016,22.6,12.8,77,71,3.37,9.7,0,5.58
5/6/2016,22.6,13.8,84,93,2.16,3,8,0.51
5/7/2016,21.8,14.6,81,89,1.68,2.9,0.6,2.96
5/8/2016,22.8,14.8,82,89,2.66,6.7,17.4,2.25
5/9/2016,21.2,14.2,87,89,3.42,4,3.7,1.99
5/10/2016,21.6,15,94,80,1.7,2.7,7.2,2.38
5/11/2016,20.2,14.6,96,91,6.49,0.1,24.5,1.57
5/12/2016,18.8,14.2,94,94,1.43,0.1,1.2,0.89
5/13/2016,20.6,14.4,87,89,3.45,3.6,10.2,0.59
5/14/2016,17.4,14.8,94,89,5.36,0,50.2,2.49
5/15/2016,18,15.4,96,85,9.23,0,55.7,2.19
5/16/2016,19.4,15.6,98,98,18.98,0,21.8,2.3
5/17/2016,17.2,14.6,100,98,25,0,41.6,1.87
5/18/2016,17.6,14.2,98,98,15.62,0.1,8.1,0.64
5/19/2016,18.8,14.6,98,94,16.65,0.1,15.3,0.68
5/20/2016,17,14.6,98,98,15.47,0,4.4,0.76
5/21/2016,19,15.4,96,94,15.83,1.1,0,1.56
5/22/2016,20.8,14.8,91,89,13.26,4.1,1.2,1.65
5/23/2016,20.4,15.2,91,96,13.22,1.1,0.9,0.79
5/24/2016,19.2,14.8,98,96,9.94,0.6,5.3,0.84
5/25/2016,19.6,14.6,98,98,19.5,1.7,11.9,1.12
5/26/2016,20.6,15,89,86,11.07,6.5,0,3.54
5/27/2016,19.2,14.2,91,92,11.05,1.9,19,0.55
5/28/2016,18.4,13.6,98,94,12.66,0.6,0,0.23
5/29/2016,18.2,14.4,83,96,16.63,1.5,2.6,1.01
5/30/2016,19.8,14.6,94,100,15.4,5.2,11.7,2.58
5/31/2016,17.2,14.6,98,96,17.01,0,6.5,0.15
6/1/2016,19.4,13.8,98,89,18.04,6.1,0,0.75
6/2/2016,19.2,14.2,88,91,21.84,4.9,1.7,3.23
6/3/2016,17.6,14.2,98,96,20.1,0,2.9,2.85
6/4/2016,18.6,14.2,98,98,20.78,0.6,5.6,2.05
6/5/2016,19.6,14.6,96,85,16.1,6.8,0,3.41
6/6/2016,19.6,13.8,92,86,13.25,9.3,0,2.97
6/7/2016,19.8,14.4,91,91,20.21,5,1.1,1.39
6/8/2016,18,13.8,98,96,20.56,0.9,2.7,1.29
6/9/2016,18.6,14.4,92,92,15.11,2.8,1,1.36
6/10/2016,18.6,14.2,96,92,12.93,0.4,0.7,0.54
6/11/2016,18.8,14,98,92,16.71,4.7,0,1.61
6/12/2016,19.4,14.4,94,92,14.95,4,4.8,2.37
6/13/2016,17.6,13.6,98,96,14.72,0,1.6,0.26
6/14/2016,19.2,13.4,90,90,16.76,4.3,1.2,2.43
6/15/2016,18.6,13.6,88,87,22.57,7.5,0,4.67
6/16/2016,17.8,13.6,92,96,27.42,0.1,0,2.25
6/17/2016,17.4,13.6,92,94,24.53,1.8,2.9,1.1
6/18/2016,16.8,12.8,98,98,20.8,0.6,8.4,1.1
6/19/2016,16.6,12.6,96,94,18.9,0,5.4,0.54
6/20/2016,16.6,12.4,94,96,25.55,2.1,4.6,3.2
6/21/2016,17.2,13.4,94,96,22.63,0,1.7,1.02
6/22/2016,17.8,13.2,96,94,22.66,2.4,2.8,1.72
6/23/2016,18.8,13.6,92,88,23.79,2.3,0,4.43
6/24/2016,18.4,13.8,90,92,23.15,0,0,2.92
6/25/2016,17.8,14,88,90,17.5,0.7,0,2.98
6/26/2016,19.6,14.2,88,89,18.68,5.9,0,3.85
6/27/2016,18.8,13.8,92,89,23.72,8.3,3.6,1.23
6/28/2016,16.4,13,96,94,21.84,0,6.2,0.34
6/29/2016,16.4,14.2,98,94,18.84,6.2,8.9,1.2
6/30/2016,17.4,14.4,94,92,20.62,3.2,0,2.68
7/1/2016,18.6,14,90,92,23.8,7.8,0,4.61
7/2/2016,19.6,13,89,93,18.62,9.4,0,3.34
7/3/2016,18.4,13.8,85,89,7.52,10,0,3.5
7/4/2016,21.4,13.6,92,93,13.84,6.7,0,4.7
7/5/2016,19.6,13.2,87,89,13.65,9.6,0,4.1
7/6/2016,20.2,13,92,96,15.22,8.4,0,3.7
7/7/2016,20,13.2,87,84,14.19,10.6,1,4.7
7/8/2016,17.8,14.6,98,89,25.68,3.3,3.9,2.7
7/9/2016,16.2,13.8,98,94,29.7,0.6,24.7,0.8
7/10/2016,16,12.6,98,98,31.9,0,7.5,0.5
7/11/2016,17.4,13.2,92,83,25.48,8.8,0,1.26
7/12/2016,17.2,13,92,94,15.99,7.9,1.3,1.31
7/13/2016,17.8,13.4,90,96,10.56,5.2,0,3.25
7/14/2016,18.6,13.6,98,91,6.99,3,13.5,2.14
7/15/2016,19.4,13.6,98,98,7.13,1.1,25.6,0.81
7/16/2016,16.8,13.4,98,96,10.58,0,0.9,1.92
7/17/2016,19.2,12.4,98,92,11.95,2.1,0,0.59
7/18/2016,17.8,13,94,92,15.67,3.8,0,3.6
7/19/2016,18.6,13.2,94,90,8.73,4.8,0,1.82
7/20/2016,20.8,13.6,94,82,9.18,6.4,0,2.74
7/21/2016,18.2,12.2,94,89,17.22,4.3,0,3.6
7/22/2016,18.6,12.4,90,85,20.1,5.8,0,1.62
7/23/2016,17.8,13.4,90,92,18.81,7.2,2.3,3.77
7/24/2016,18.2,14,98,94,8.34,0.6,0.8,0.01
7/25/2016,19.4,14,96,98,4.76,0.6,15.8,0.31
7/26/2016,19.4,13.8,94,96,4.08,0.3,13.1,1.58
7/27/2016,19.6,13.8,91,96,7.35,1.1,4.4,1.96
7/28/2016,21.6,12.8,84,92,5.32,5.3,0,3
7/29/2016,18.6,12.6,91,98,11.01,2.7,7.6,1.28
7/30/2016,17,12.8,98,96,16.38,0.4,2.9,0.13
7/31/2016,15.4,12.6,98,98,19.95,0,1.2,0.76
8/1/2016,16.6,12.8,98,88,23.73,3.4,0,2.85
8/2/2016,18.2,12,83,89,26.08,11,0,4.42
8/3/2016,17.8,12.6,92,90,26.27,10,0,3.15
8/4/2016,17.8,13.2,100,91,23.97,4.1,0.5,3.58
8/5/2016,19.2,13.4,92,89,20.9,10.4,0,2.97
8/6/2016,19.4,13.4,92,89,18.93,10.8,0,3.7
8/7/2016,20.2,12.6,89,87,7.26,9.7,0,4.56
8/8/2016,21.2,13.6,91,96,3.03,2.7,1.9,0.35
8/9/2016,20.6,13.4,92,92,10.11,3.7,0,4.38
8/10/2016,19.6,12.8,90,85,12.05,7.5,0,2.48
8/11/2016,19.4,13.4,92,89,9.94,10.6,0,2.95
8/12/2016,20.8,13.8,90,89,12.03,10.1,0,4.33
8/13/2016,18.6,13.4,94,96,12.25,3.1,0.8,1.2
8/14/2016,17.6,12.2,98,98,18.89,2.6,2.3,1.56
8/15/2016,16.8,13,98,100,25.02,0,5.1,0.15
8/16/2016,17,13.2,98,96,25.68,2.6,1.1,0.53
8/17/2016,18.2,12.8,94,94,20.94,8.6,0,3.21
8/18/2016,17.8,12.4,90,94,13.06,7.7,0,1.65
8/19/2016,21.2,12.4,89,91,8.03,7.7,0,3.86
8/20/2016,19.4,14,92,89,10.77,1,0,4.45
8/21/2016,19.8,12.8,98,93,6.72,2.7,0,1.03
8/22/2016,18.8,14.2,98,98,5.12,2.2,6.2,0.04
8/23/2016,16.8,13,98,100,9.87,0,5.1,0.85
8/24/2016,19.6,14.2,92,94,9.48,6.4,0.4,2.96
8/25/2016,18.4,13.8,96,96,11.76,1.8,2.8,0.59
8/26/2016,17.4,13.8,98,96,16.83,0.6,4.2,1.53
8/27/2016,15.2,13.4,98,98,19.22,0,6.9,0.42
8/28/2016,17.2,12.6,96,94,16.05,0.3,0,2.21
8/29/2016,18.6,13.2,98,94,11.74,6.4,0,3.01
8/30/2016,17.4,13.2,96,98,13.17,1.4,1.1,0.53
8/31/2016,16.8,13.4,98,98,13.35,0,1.9,1.64
9/1/2016,17.6,13.4,92,94,12.81,2.7,1.1,0.7
9/2/2016,17.4,12.6,98,98,14,0,1.8,1.12
9/3/2016,17.2,13.4,98,96,11.4,0.2,0.9,0.64
9/4/2016,16.8,12.6,100,98,13.99,0,2.8,1.1
9/5/2016,19.8,12.6,88,96,13.6,2.9,0,2.51
9/6/2016,17.4,11.8,96,94,20.58,0.3,0,2.86
9/7/2016,20.6,11.6,94,93,10.91,3.6,0,6.19
9/8/2016,19.4,11.2,92,91,15.24,0,0,5.13
9/9/2016,18.8,11.8,98,94,7.41,1.2,0,1.12
9/10/2016,19.8,11.8,94,93,12.88,5.8,0,8.42
9/11/2016,19.4,12.8,90,91,12.36,6.4,0,5.61
9/12/2016,17.8,12.6,98,96,12.01,0.6,0,0.44
9/13/2016,17.8,12.4,100,89,9.66,2.5,0,2.3
9/14/2016,19,13.4,98,94,8,0.4,0,1.55
9/15/2016,18.4,12.4,98,100,14.4,0.1,2.5,0.9
9/16/2016,18.4,13,90,98,18.78,2.3,0.6,2.96
9/17/2016,18,13.6,100,93,14.14,0.1,0,2.51
9/18/2016,17.6,12.8,100,96,15.91,0,5.7,0.11
9/19/2016,20.4,13.4,96,96,7.49,0.3,0,0.9
9/20/2016,18.2,13,96,98,33.28,0.1,0,1.44
9/21/2016,18.4,13.2,96,98,17.6,1.1,0,1.71
9/22/2016,18.4,12.6,92,96,17.6,1,0,4.83
9/23/2016,17.8,12.6,96,94,15.15,0,0,2.54
9/24/2016,18.4,12.6,92,92,12.76,1.6,0,2.98
9/25/2016,18,12.8,90,92,14.94,1.9,0,1.61
9/26/2016,21.2,13,96,91,8.65,4.8,0,6.6
9/27/2016,21.2,13.8,94,93,10.93,2.9,0,3.15
9/28/2016,19.8,13.2,96,92,12.17,1.1,0.8,0.57
9/29/2016,18.2,13,100,98,12.35,0,11.9,1.7
9/30/2016,17.2,12.4,92,100,13.4,0,0,1.8
10/1/2016,19.8,11.8,88,91,7.5,1.5,0,4.56
10/2/2016,20.2,11.4,92,89,3.46,0.6,0,4.1
10/3/2016,21.2,11,87,98,2.95,1.5,1.6,0.7
10/4/2016,20.6,12.4,92,93,9.45,3.9,0,3.9
10/5/2016,21.2,12.4,92,95,6.19,3.3,0,2.4
10/6/2016,21.2,11.6,90,96,5.99,3.8,0,4.9
10/7/2016,21.2,10.2,87,93,5.8,4.8,0,5.4
10/8/2016,20.2,12.4,94,93,12.6,5.7,1.1,2.7
10/9/2016,20,12.2,94,93,8.79,5.1,0,3.52
10/10/2016,20.2,11.4,96,94,10.55,4.8,0,3.01
10/11/2016,19.8,11.6,92,93,14.5,4.6,0,3.45
10/12/2016,21.4,12.8,90,93,5.03,4.1,0,3.27
10/13/2016,21.6,13.8,84,94,4.09,0.4,0.9,0.28
10/14/2016,21.6,12,94,92,2.43,1.3,27.3,3.39
10/15/2016,21.4,12.2,82,94,1.2,0,0,3.51
10/16/2016,21.4,12.8,87,93,1,0.2,0,0.06
10/17/2016,18.8,13,87,94,1.3,1.8,0,1.58
10/18/2016,19.8,12.8,91,94,3,2.3,0,0.93
10/19/2016,19.8,12,89,96,1.9,1,0,2.56
10/20/2016,19.4,11.2,89,96,0.9,0,0,1.15
10/21/2016,19.6,11.8,92,96,6.4,5,0,3.09
10/22/2016,20.8,12.4,92,96,7.75,6,0,2.08
10/23/2016,19.4,13.4,98,92,11.49,1.5,2.1,2.75
10/24/2016,17.2,12.4,100,100,12.87,0.4,18.9,0.93
10/25/2016,19.4,11.6,87,98,4.75,5.5,0,1.22
10/26/2016,18.8,10.4,89,100,2.17,2.7,0,0.93
10/27/2016,18.6,10.6,90,100,2.09,1.4,0,1.56
10/28/2016,21.4,11.2,92,98,4.31,5.7,0,1.32
10/29/2016,20.8,12,89,94,3.36,7,0,3.63
10/30/2016,20.4,12,91,94,2.95,3.9,1.9,0.57
10/31/2016,20.2,12.2,92,96,2.41,0.2,4.8,0.78
11/1/2016,20.4,14,98,100,4.04,0.5,4.8,1.2
11/2/2016,21.8,14,94,98,4.57,3.3,0.4,1.69
11/3/2016,20.6,14.2,93,100,4.26,1,15.6,0.18
11/4/2016,19.4,13.4,94,100,6.7,0,3.2,1.6
11/5/2016,17.8,12.6,98,98,4.91,0,3.7,0.27
11/6/2016,18.2,11.8,90,100,3.95,0,1.9,0.48
11/7/2016,20.2,10.6,94,65,2.98,4.9,0,2.37
11/8/2016,19.4,12.8,91,98,2.11,3.6,1,2.51
11/9/2016,17.8,12.8,92,85,1.47,0.5,0,1.07
11/10/2016,19.4,14.4,89,100,2.32,3.6,2.6,0.53
11/11/2016,19,14,98,98,1.93,0,0,0.17
11/12/2016,20.4,13.4,94,95,4.28,4.2,1.2,2.17
11/13/2016,19.6,13,94,93,4.85,2.9,0,2.56
11/14/2016,20.4,12.6,87,95,3.82,7.1,0,3.05
11/15/2016,19.2,11.8,96,98,2.25,2.9,0,2.35
11/16/2016,18.8,13,96,100,9.56,3.1,17.4,0.46
11/17/2016,16.4,11.6,96,100,7.96,0,32.1,0.38
11/18/2016,17.8,14,100,100,3.33,0.4,41.1,0.41
11/19/2016,18.4,12.8,100,100,3.16,0,3.5,0.77
11/20/2016,18.6,14.4,92,100,2.65,0.3,0,1.48
11/21/2016,17.4,13.8,100,100,4.82,0,3.2,0.27
11/22/2016,17.8,14,98,100,3.54,0,0,0.35
11/23/2016,18.4,11.4,96,100,2.44,0.6,0.4,1.84
11/24/2016,20.4,11.4,92,100,4.61,6.5,0,2.18
11/25/2016,20.6,12.8,95,100,3.47,8.7,0,2.79
11/26/2016,20.6,13,94,100,3.49,0,0,0.66
11/27/2016,19,10.6,92,100,2.86,0.3,0,1.88
11/28/2016,19.8,11,94,100,1.37,4.1,0,4.27
11/29/2016,21.6,11.4,94,100,2.09,1.3,0,2.23
11/30/2016,19.4,12,96,100,7.97,0.1,0,4.39
12/1/2016,18.8,12.4,92,100,12.95,6.3,0,4.74
12/2/2016,21.8,17.8,83,100,2.6,8.2,0,3.37
12/3/2016,21.6,12.4,65,98,0.83,5.1,11,1.58
12/4/2016,21.4,10.8,75,89,2.1,5.1,0,1.69
12/5/2016,20.6,11.6,50,75,2.26,11.1,0,3.15
12/6/2016,19.8,10.2,79,83,2.17,6.4,0,1.61
12/7/2016,19.6,12.6,80,91,1.2,4,0,1.14
12/8/2016,20.8,12.4,80,80,3.12,6.1,7.4,2.72
12/9/2016,18.2,13.8,81,89,6.58,3.3,1.1,4.07
12/10/2016,18.4,12.4,94,88,14.04,3.5,0,1.48
12/11/2016,18.6,10.6,79,87,22.71,10.7,0,1.57
12/12/2016,18.4,10.4,77,83,18.12,8.7,0,1.96
12/13/2016,18.2,11.2,83,87,3.59,4.1,0,2.13
12/14/2016,21.6,10.6,51,81,1.15,3.7,2.4,2.46
12/15/2016,19.4,10.4,70,92,1.75,4.2,0,1.46
12/16/2016,20.2,12.8,55,74,3.21,8.9,0.5,3.57
12/17/2016,18.2,11.4,85,83,5.46,2.8,0.7,0.79
12/18/2016,20,11.4,63,88,4.25,7.5,0,3.33
12/19/2016,19.6,14,80,96,8.65,1.7,7.3,0.3
12/20/2016,18.8,12.6,96,85,0.11,4.2,0,2.34
12/21/2016,19.8,12.4,88,80,0.16,9.5,0,1.43
12/22/2016,20.2,6.6,78,68,1.53,8.9,0,2.21
12/23/2016,20.8,7.6,50,76,2.72,11,0,4.67
12/24/2016,21.8,8,35,73,3.08,11.3,0,2.73
12/25/2016,21.4,11.6,45,73,3.63,11.1,0,3.12
12/26/2016,23,14.2,43,84,7.09,6.1,0.2,1.9
12/27/2016,18.2,14.4,96,98,13.32,0,20,0.23
12/28/2016,16.4,13.8,100,98,12.07,0,13.4,1.63
12/29/2016,15.4,10.4,100,98,11.81,0.1,6.3,1.07
12/30/2016,18.6,11.8,86,87,7.63,8.3,1,2.77
12/31/2016,18.2,12.2,94,83,6.8,2,2,1.39
1/1/2017,16.8,12.2,88,86,4.5,0,0,2.41
1/2/2017,17.8,12.4,80,87,2.9,3,0,2.38
1/3/2017,18.8,9.6,80,85,5.1,5.8,0,2.56
1/4/2017,19.8,7,73,82,2.9,7.1,0,6.76
1/5/2017,19.8,8.4,37,76,4.6,10.4,0.6,3.45
1/6/2017,21.8,10.6,34,80,4.1,10.1,0,3.05
1/7/2017,20.4,5.8,63,88,3.1,10.7,0,2.87
1/8/2017,19.8,6.2,21,83,4.1,11,0,3.58
1/9/2017,20.8,8.4,28,67,5.2,11,0,2.5
1/10/2017,21.2,9.6,53,70,4.1,10,0,2.68
1/11/2017,20.2,7.4,68,60,3.4,10.6,0,3
1/12/2017,20.2,6.6,57,49,3.8,10.9,0,2.56
1/13/2017,20.4,7.6,60,53,8.5,10.7,0,2.89
1/14/2017,18.2,6.6,65,63,4.3,7.8,0,2.63
1/15/2017,18.4,10,72,74,4.8,8.6,0,3.53
1/16/2017,20.6,10,76,62,5.7,7.9,0,3.06
1/17/2017,21.4,7.2,38,82,3.7,11,0,1.5
1/18/2017,20.2,7.4,30,80,4.7,9.5,0,3.99
1/19/2017,18.8,10,66,77,5.3,7.9,0,3.3
1/20/2017,20.4,13.8,65,94,4.3,5.3,7.3,1.21
1/21/2017,15.8,12,96,92,6.9,0.3,7,0.28
1/22/2017,16.8,12.6,98,96,7.7,0,9.2,1.55
1/23/2017,15.8,12.4,98,98,9.9,0,48.5,0.34
1/24/2017,15.6,13.6,96,100,19.6,0,47.6,1.78
1/25/2017,16.2,13.4,98,98,8.8,0,10.2,2.24
1/26/2017,NA,14.4,98,91,5.1,0,43.7,0.58
1/27/2017,16.8,10.8,100,96,2.9,0.5,3.9,4.09
1/28/2017,17.8,11.6,80,96,5.2,1.6,8.9,2.28
1/29/2017,19.2,13.8,92,89,7.6,5.4,3.7,1.33
1/30/2017,17.2,8.8,98,96,4.6,0,6.6,1.23
1/31/2017,19.6,9.6,69,85,4.6,5.5,0,2.41
2/1/2017,20.4,7.2,52,87,3.3,11.7,0,2.11
2/2/2017,20.2,6.2,42,90,3.3,6.3,0,3.01
2/3/2017,20.2,10.4,24,50,1.3,11.5,0,5.57
2/4/2017,20.2,7.4,42,78,8.2,9.4,0,4
2/5/2017,21.6,8.2,23,75,4.2,10.8,0,4.42
2/6/2017,20.6,8.6,32,82,5,8.3,0,4.3
2/7/2017,21.2,9.6,36,78,2.8,10.9,0,3.95
2/8/2017,21.2,8.8,27,53,2.6,10.7,0,5.41
2/9/2017,22.2,9.6,31,70,2.4,10.3,0,2.61
2/10/2017,22.2,9.6,32,72,2.4,10.4,0,5.53
2/11/2017,22.4,7.6,27,72,1.9,11.5,0,2.73
2/12/2017,20.2,6.6,66,74,2.8,10.2,0,3.58
2/13/2017,19.2,13.4,73,80,13.8,11.5,0,3.2
2/14/2017,16.8,12.6,100,98,16.3,0.4,44.5,2.11
2/15/2017,17.2,NA,96,78,13,7.8,0,3.74
2/16/2017,18.4,9.6,82,78,10.3,10.1,0,2.32
2/17/2017,18.4,10.2,60,79,6.2,8.4,0,2.16
2/18/2017,18.2,9.6,86,83,11.2,3.4,11.8,1.58
2/19/2017,16.8,13.6,98,96,2.5,0.6,1.8,0.12
2/20/2017,20.2,9.6,94,66,1.7,0.9,0,2.71
2/21/2017,21.6,11.2,73,61,3.6,10.1,0,6.09
2/22/2017,22.6,9.4,95,68,6.9,9.3,0,3.73
2/23/2017,22.4,9.8,65,66,4.6,10.8,0,2.78
2/24/2017,21.4,8.2,73,67,4.2,7.8,0,3.87
2/25/2017,20.8,11.8,74,96,3.1,2.83,7.1,2.59
2/26/2017,18.6,12.4,NA,88,6.5,0.3,13,0.47
2/27/2017,18.6,13.4,94,81,17.1,0.7,6.8,2.95
2/28/2017,15.4,13.6,98,100,19.8,0,36.5,2.64
3/1/2017,14.8,12.6,98,98,10.8,0,NA,2.64
3/2/2017,19.4,12.4,96,94,6.8,1.1,NA,2.05
3/3/2017,20.6,11,85,94,3,2.6,NA,2.17
3/4/2017,21.4,11,81,96,6.3,3.2,NA,1.65
3/5/2017,21.8,12.4,57,65,4.8,8.9,0,4.06
3/6/2017,22.4,11,73,87,2.9,4.1,1.8,0.78
3/7/2017,21.8,12.4,90,85,2.9,4,1.8,2.25
3/8/2017,22.2,10.6,84,91,5.4,6,0,3.07
3/9/2017,23.4,11.6,80,84,3.3,6.8,0.6,2.53
3/10/2017,21.2,11,89,96,5.5,1.9,3.1,0.94
3/11/2017,21.8,11.2,80,96,2.7,3.3,26.6,3.31
3/12/2017,21.8,11.8,72,98,2.5,3.1,43.9,3.84
3/13/2017,22.2,11,85,90,1.6,3.2,16.5,2.93
3/14/2017,21.4,11.4,83,84,3,3.9,30.2,3.14
3/15/2017,21.4,9.2,78,92,4.5,6,0,2.56
3/16/2017,21.6,11.6,41,91,2.3,5.7,11.9,1.8
3/17/2017,21.4,9.4,76,59,3.4,9.8,0,5.28
3/18/2017,22.4,11,35,57,4.4,9.9,0,6.22
3/19/2017,22.6,10.6,43,55,3.2,9.7,0,3.35
3/20/2017,22.8,9.8,51,41,3.8,10.3,0,4.4
3/21/2017,22.2,10.8,54,61,5.3,9.6,0,6.17
3/22/2017,21.4,9.8,43,39,7.2,10.2,0,4.49
3/23/2017,22.8,6.4,51,63,3.7,9.7,0,4.37
3/24/2017,22.8,8.4,21,50,3.7,10.2,0,6.39
3/25/2017,22.6,9.2,17,51,4.7,10.1,0,4.97
3/26/2017,23.2,10.6,11,60,4.2,9.8,0,2.55
3/27/2017,21.8,12,84,96,2.7,0.6,0,0.74
3/28/2017,23.8,12.4,87,79,3.4,6.1,0,3.14
3/29/2017,22.4,11.4,87,86,2.9,4.2,17.2,2.47
3/30/2017,23.2,12.6,79,81,4,7.2,1,3.63
3/31/2017,22.8,10.2,69,40,3.9,8.3,0,4.47
4/1/2017,23.2,13.6,55,78,3,6.6,0,3.33
4/2/2017,21.2,11.4,80,82,0.8,0.8,9.3,0.32
4/3/2017,22.8,11.2,71,96,2.5,3.9,39.2,2.88
4/4/2017,22.6,10.2,79,94,1.8,3.9,1.7,2.02
4/5/2017,24.2,8.6,82,76,3,8.1,0,4
4/6/2017,22.8,9.4,42,52,2.6,9.3,0,4.28
4/7/2017,22.8,11.6,52,63,4.7,9.7,0,5.21
4/8/2017,22.4,11.6,39,56,4.4,9.8,0,3.38
4/9/2017,23.4,10.6,60,91,3.8,8.6,0,3.85
4/10/2017,24.6,11.8,71,54,2.9,8.9,0,3.28
4/11/2017,21.8,13.6,54,86,0.9,2.7,18.4,3.75
4/12/2017,22.4,12.6,80,78,1.8,1.2,0,2.29
4/13/2017,23.6,13.6,80,59,2.8,5.9,4.6,1.98
4/14/2017,22.4,11.6,85,62,5.3,7.4,0,5.39
4/15/2017,23.4,14.6,65,62,5.7,11.6,0,6.92
4/16/2017,23.2,12,60,59,4.1,10.2,0,4.8
4/17/2017,24.6,11.6,76,75,4.4,11.2,0,5.3
4/18/2017,23.8,10.2,74,59,2.5,4.9,0,1.77
4/19/2017,23.4,7.4,41,86,3.6,11.2,0,5.47
4/20/2017,23.4,9.6,38,64,2.9,11.4,0,3.63
4/21/2017,23.2,10.6,61,79,1.4,7.9,0,1.97
4/22/2017,23.8,9.8,52,76,1.4,8.9,0,3.06
4/23/2017,23.2,10.6,54,76,3,10.9,0,4.49
4/24/2017,23.8,10.8,80,72,2,7.4,0,1.7
4/25/2017,23.6,10.6,71,54,2.5,9.4,0,4.43
4/26/2017,23.6,11.6,35,69,2.5,8.1,0,1.13
4/27/2017,24.8,10.2,69,84,3.6,7.4,0,5.23
4/28/2017,23.8,10.8,45,55,3.9,11.5,0,4.12
4/29/2017,23.2,10.8,53,66,4.4,10.6,0,5.04
4/30/2017,23.6,10.8,42,69,3.7,11,0,3.5
5/1/2017,23.2,10.6,65,70,3.1,9.7,0,2.57
5/2/2017,22.6,11.4,75,98,3,5.9,1,1.79
5/3/2017,22.2,12.8,71,73,4,8.8,0,3.68
5/4/2017,23.4,13,80,77,4.2,8.9,0,3.22
5/5/2017,22.2,9.6,80,70,2.6,8.8,0,2.13
5/6/2017,22.2,12.8,87,91,3.2,3.7,1.6,0.64
5/7/2017,22.8,12.2,82,88,3.1,7.5,7.4,1.9
5/8/2017,23.6,12.2,74,84,2.5,6.3,2.7,3.54
5/9/2017,24.6,11.2,82,84,1.4,4.6,0,3.95
5/10/2017,24.2,12.6,73,84,1.7,4.9,1.8,1.54
5/11/2017,22,12.6,77,75,2.9,5.2,0,2.18
5/12/2017,23.8,12.4,77,91,1.8,6.1,0,2.22
5/13/2017,22.8,13.6,74,84,1.4,2.7,7.7,1.28
5/14/2017,23.8,14.2,92,81,10.1,7.6,0,3.03
5/15/2017,22.2,14,85,93,9.2,8.3,0,3.92
5/16/2017,24.4,13,66,84,10.4,7.1,0,3.89
5/17/2017,24.2,14.6,85,75,6.3,9.3,0,1.52
5/18/2017,22.4,13.6,91,98,9.4,0.3,0,1.89
5/19/2017,22.4,14.8,91,91,7,5.5,0,2.95
5/20/2017,21.8,14,90,93,14.5,4.5,0,3.33
5/21/2017,23.6,14.6,91,81,4.9,2.4,0,0.71
5/22/2017,23.8,15,78,91,4.3,5.1,1.2,2.01
5/23/2017,22.8,14.6,91,93,3,2.4,10.6,0.93
5/24/2017,21.8,13.4,89,89,10.2,4.6,18,2.7
5/25/2017,19.6,14.6,94,98,11.1,0.1,32.8,2.22
5/26/2017,19.2,14.4,98,98,13.2,0,16.6,0.97
5/27/2017,20.8,14.4,98,96,12.7,1.7,1.9,3.49
5/28/2017,19.8,14.6,98,100,19.4,1,3.3,1.76
5/29/2017,17.6,14,96,98,26.3,0,38.9,2.46
5/30/2017,17.8,14.2,98,96,16.6,0,23.2,2.51
5/31/2017,16.6,14.2,98,98,12.4,0,3.4,0.42
6/1/2017,17.8,13.2,98,98,15.2,0,12.8,1.14
6/2/2017,18.2,13.2,98,100,18.9,0,5.4,0.33
6/3/2017,18.8,14.2,98,98,17.1,0,1.9,1.81
6/4/2017,21.4,14.6,98,95,10.8,3.9,0.5,1.28
6/5/2017,20.8,14.2,98,98,12.6,0.4,0.7,2.98
6/6/2017,19.2,14.4,96,94,14.4,0,1.9,2.37
6/7/2017,19.2,13.6,98,92,14.4,0.3,1.2,1.47
6/8/2017,20.8,12.4,89,89,12.4,8.2,0,3.9
6/9/2017,21.6,12.6,79,74,18.1,9.5,0,2.73
6/10/2017,19.8,12.4,86,89,24.8,8,3.7,4.47
6/11/2017,19.6,12.4,100,89,14.3,3.1,0,1.99
6/12/2017,21.4,14.4,90,74,10.7,9.7,0,3.75
6/13/2017,23.2,14.2,89,77,7.8,8.7,0,2.11
6/14/2017,23.8,14.4,91,94,8.9,7.1,3,2.86
6/15/2017,20.2,13.4,92,94,8.9,1.2,0,0.81
6/16/2017,21.8,13.6,91,92,10.4,3.1,0,0.52
6/17/2017,22.8,14,84,89,7.5,8.8,0,3
6/18/2017,22.6,14.2,87,87,11.1,6.7,0,4.03
6/19/2017,21.6,14.8,92,87,12.7,3.9,0,1.46
6/20/2017,21.8,13.4,94,91,12.7,4.6,0.3,2.36
6/21/2017,20.6,13.6,90,82,13.7,4.8,0,2.82
6/22/2017,22.6,13.4,96,94,13.8,8.4,0.9,2.72
6/23/2017,18.8,12.6,92,98,20,0.2,4.1,0.08
6/24/2017,16.8,12.4,98,98,26.6,0.3,4.5,0.58
6/25/2017,16.8,12.6,98,98,23.4,0,8.8,0.61
6/26/2017,17,12.8,96,96,22.3,0,4.6,0.35
6/27/2017,17.2,13.2,96,94,22.7,0.8,9.8,0.23
6/28/2017,17.2,13.4,96,92,20.5,2.4,0,2.16
6/29/2017,17.6,13.8,98,96,12.9,10.3,0,1.53
6/30/2017,20,13.2,94,94,10.4,7.6,0,2.66
7/1/2017,20.2,13.6,91,94,3.2,5.4,1.2,2.32
7/2/2017,20.4,13.8,92,94,3.4,3.2,0,2.86
7/3/2017,20.2,13.8,94,96,29.2,6.6,0,2.54
7/4/2017,22.2,12.6,80,70,11.7,11.14,0,2.6
7/5/2017,20.2,13.8,64,79,12.6,9.4,0,4.7
7/6/2017,20.4,14,89,86,10.7,9.8,0,3.96
7/7/2017,NA,13,87,87,13,5.9,3.4,1.52
7/8/2017,18.4,13.2,98,98,17.4,0.9,4.4,1.11
7/9/2017,18.2,13.4,98,98,11,0,3.1,1.47
7/10/2017,16.4,13.8,100,98,18.9,0,1.1,0.12
7/11/2017,17.6,13.8,96,96,16.2,1.3,0.6,1.99
7/12/2017,19.8,13.8,92,89,12,4.7,0,3.02
7/13/2017,19.4,13.4,88,81,23.5,5.4,0,3
7/14/2017,18.6,13.2,86,83,17.3,7.8,0,2.82
7/15/2017,19.6,13.4,88,80,15.3,10.4,0,3.68
7/16/2017,18.6,13.8,88,80,21.8,9.6,0,2.27
7/17/2017,19,13.6,85,80,22.6,7.2,0,3.8
7/18/2017,18.6,13.6,83,81,23.2,7.4,1.1,3.54
7/19/2017,17.6,13.8,92,92,21.8,1.8,1.8,2.01
7/20/2017,19.8,14.2,92,74,9.6,9.9,0.7,2.91
7/21/2017,20.8,14,87,73,10,7.3,0.6,3.45
7/22/2017,20.6,14.6,82,76,5.6,10.9,0.2,5.65
7/23/2017,19.8,14.4,91,89,8.2,5.9,0.6,1.59
7/24/2017,21.4,13.4,90,81,2.6,4.5,0,1.75
7/25/2017,22.6,13.6,70,77,2.8,5.7,0.6,3.4
7/26/2017,22.8,13.6,87,78,4.5,8.8,0,3.54
7/27/2017,22.2,13.8,87,96,8.6,6.2,0,2.37
7/28/2017,20.4,14,85,85,8.9,7.6,2.2,2.34
7/29/2017,20.6,13,96,96,0.7,1.7,9.3,1.59
7/30/2017,19.6,14.1,90,96,9.5,2.6,0.1,1.12
7/31/2017,19.4,14.4,91,98,6.1,1.4,0,1.36
8/1/2017,19.4,13.8,90,94,11.3,4.2,0.9,0.51
8/2/2017,18.4,14.2,96,90,13.4,0.2,4.8,0.87
8/3/2017,17.6,14,96,96,15.8,1.7,1.1,0.73
8/4/2017,17.2,14.6,96,94,15,0,6.2,1.56
8/5/2017,16.8,14.6,98,98,16.5,0,12.7,2.86
8/6/2017,17.8,14.4,98,94,8.5,0,6.3,1.15
8/7/2017,19.4,14.6,96,94,11.3,0,3.4,2.21
8/8/2017,21.4,13.8,94,98,8.6,2.1,0,1.15
8/9/2017,21.2,14.6,77,82,8.7,7.7,0,3.93
8/10/2017,21.2,15.2,85,89,6.7,2.9,18.3,0.53
8/11/2017,18.4,13.2,98,84,11.4,1.2,0.8,2.68
8/12/2017,22.4,13.2,82,91,4.5,7.6,2.9,1.09
8/13/2017,21.2,13.6,76,94,5.7,2,2.3,2.63
8/14/2017,17.6,13.6,94,94,6.6,0,0,3.88
8/15/2017,21.8,12.2,79,80,6.2,9.9,0,5.22
8/16/2017,19.6,12.6,86,87,12.8,10.8,0,2.37
8/17/2017,18.8,14.2,86,89,16.3,8.2,17.2,4.86
8/18/2017,15.8,13.8,98,98,23.3,0.2,22.7,0.4
8/19/2017,16.6,13,98,99,23.3,0,2.9,1.8
8/20/2017,17.2,13.4,98,96,22.6,0.6,2.8,1.69
8/21/2017,17.2,14.4,98,90,16.4,2.3,4.1,1.38
8/22/2017,17.6,13.8,98,89,13.1,1.2,0.2,1.44
8/23/2017,20.2,12.8,91,84,3.3,4.3,0,2.78
8/24/2017,20,13,85,92,7.4,5.8,0,2.56
8/25/2017,20.4,13.2,83,90,12.2,4.1,0,2.46
8/26/2017,20.2,13.6,83,94,14.1,8.6,0.9,2.89
8/27/2017,20.6,13.8,94,94,11.5,4.8,1.4,1.56
8/28/2017,15.8,14,94,94,11.2,0.3,2.2,1.07
8/29/2017,16.8,14.2,98,92,14,0.1,2.9,0.47
8/30/2017,20.2,13.8,89,91,11.1,4.8,0,1.57
8/31/2017,20.4,12.8,89,89,20.9,3.1,1.1,1.63
9/1/2017,21.2,13.8,74,81,14.9,6.1,0,1.48
9/2/2017,20.6,14.6,84,79,9,4.7,0,1.36
9/3/2017,21.2,14.2,98,81,5.1,1.1,3,2.88
9/4/2017,21.8,13.8,76,94,3.5,1.7,11.9,0.5
9/5/2017,20.2,13.8,87,98,7.2,2.3,37.7,1.07
9/6/2017,20.4,13.6,94,98,6.4,1.3,16.7,1.85
9/7/2017,16.6,14,96,90,9.2,0,0.5,0.33
9/8/2017,16.4,13.8,98,98,11.8,0,9.6,0.72
9/9/2017,19.6,14,98,96,25.3,0,12.3,0.57
9/10/2017,18.2,13.4,98,91,5.8,0.9,0.4,0.31
9/11/2017,20.2,12.6,82,98,3.2,3.5,22.4,2.65
9/12/2017,20.8,13.2,85,91,5.4,4.2,0.6,1.7
9/13/2017,18.4,12.6,96,94,10.5,0.4,14.3,0.3
9/14/2017,18.4,13.4,86,87,14.7,4.1,0.7,3.29
9/15/2017,18.8,13.2,94,89,21.4,3.2,0,2.84
9/16/2017,19.2,12.6,94,92,11.4,0.3,0,2.13
9/17/2017,16.4,12.6,80,96,21.5,0,4.2,1.51
9/18/2017,16.8,13.4,98,90,22.8,0.7,0,2.26
9/19/2017,19.4,13.8,85,73,22.7,8.2,0,5.3
9/20/2017,18.8,13.2,90,87,17.7,7.2,2.3,2.22
9/21/2017,18.4,11.8,96,98,15.5,3.2,1.7,1.58
9/22/2017,18.6,11.8,98,80,5.8,3.5,0.1,1.85
9/23/2017,20.6,12.4,77,96,3.3,4.7,0.9,1.78
9/24/2017,20.6,13.6,88,93,10.7,4.9,0.2,3.67
9/25/2017,19.4,14,98,98,14.6,0.3,6.3,1.21
9/26/2017,16.6,13.6,98,98,16.9,0,8.5,0.3
9/27/2017,16.2,12.8,98,98,16.9,0,14.7,2.97
9/28/2017,17.6,11.6,96,81,18.1,5.6,0,2.53
9/29/2017,18.6,13.4,84,77,14.9,9.8,0,4.68
9/30/2017,20.4,13.8,89,80,10.4,7.1,0.7,3.35
10/1/2017,19.8,13.2,89,92,12.1,3.7,0.3,1.89
10/2/2017,19.6,13.4,94,79,11.2,8,0,3.81
10/3/2017,21.2,14.6,85,86,8.1,8.5,0,2.21
10/4/2017,20.6,13.8,89,87,7.7,5.2,0,2.03
10/5/2017,20.4,13.4,84,87,8.3,5.4,0,2.2
10/6/2017,18.8,14.2,94,87,9.9,1.9,0.7,0.45
10/7/2017,21.6,14,89,82,7.8,4.9,0,4.1
10/8/2017,20.2,14.2,87,81,8.1,6.3,1.4,1.44
10/9/2017,19.8,12.8,87,98,6.8,4.1,0,1.79
10/10/2017,21.2,14,87,89,4.7,5.2,1.9,2.04
10/11/2017,17.4,13,96,98,8.8,0.3,1.7,2.11
10/12/2017,19.8,14.2,85,94,9.8,6.7,2.4,2.19
10/13/2017,19.2,14.6,89,94,14.5,3.1,30.2,0.52
10/14/2017,16.4,12.2,98,94,23,0,33.1,1.79
10/15/2017,16.8,11.2,96,98,22.1,0,5.4,1.64
10/16/2017,17.4,13.6,96,96,16.2,1.1,0,1.72
10/17/2017,17,13.8,98,94,12.2,1.9,1.2,0.14
10/18/2017,18.2,14.4,96,96,13.6,5.9,1,1.27
10/19/2017,17.6,14,98,96,12.4,0.9,10.6,2.36
10/20/2017,17.8,14.2,98,94,13.6,8.8,0.7,1.51
10/21/2017,19.2,12.6,96,92,16.9,3.4,2.6,1.43
10/22/2017,19.8,14.8,92,96,10.5,4.3,0.8,2.19
10/23/2017,21.2,11.8,89,96,4.2,6.1,0.5,2.26
10/24/2017,20.8,11.6,71,92,2.4,1.9,10.1,1.23
10/25/2017,20.6,14.2,72,89,3.5,3.5,37.1,0.76
10/26/2017,19.4,13.4,85,94,2.9,3.5,12.2,2.89
10/27/2017,19.8,12.8,84,94,2.6,5.1,59.1,1.56
10/28/2017,19.6,13.6,80,98,2.3,3.2,12.5,6.19
10/29/2017,19.8,12.6,85,96,2.3,2.3,25.6,0.12
10/30/2017,19.2,14.4,84,94,3.7,0.1,12.6,1.63
10/31/2017,19.8,13.8,89,91,7.1,0,1.2,0.72
11/1/2017,19.8,12.4,92,90,4.9,1.2,0.6,3.12
11/2/2017,19.6,13.4,89,85,6.6,1.6,0,1.83
11/3/2017,20,14.4,86,98,3.1,1.5,11.8,1.17
11/4/2017,20.4,14,96,91,4.5,2.7,25.6,1.17
11/5/2017,18.8,12.4,92,92,3.5,0,14.6,0.38
11/6/2017,19.6,13.4,82,91,2.7,0,19.8,3.33
11/7/2017,17.8,13.6,90,89,2.9,0,7.2,0.85
11/8/2017,19.4,11.6,92,87,2.3,2.5,0,3.06
11/9/2017,18.2,12.4,87,87,2.6,3.5,0,1.23
11/10/2017,19.6,14.2,66,77,8.4,2.7,0,2.51
11/11/2017,20.6,14.2,91,80,5.1,5.7,0.4,4.45
11/12/2017,20.6,13.4,85,81,8.1,8.7,0,2.06
11/13/2017,18.8,12.4,96,83,10.6,3.9,0.8,1.39
11/14/2017,19.4,10.4,73,69,10.5,10.4,0,3.91
11/15/2017,21.2,12.8,57,73,6.1,11.2,0,5.34
11/16/2017,21.8,10,68,84,2.9,8,0,2.62
11/17/2017,20.6,10.2,52,74,4.1,9.5,0,2.21
11/18/2017,21.8,12.8,45,75,3.9,4.7,0,2.85
11/19/2017,21.2,13.2,78,81,3.8,3.5,4.9,3.18
11/20/2017,19.4,13.6,84,85,6.5,3.5,0.7,0.16
11/21/2017,20.2,12.6,90,80,3,3.9,0,2.64
11/22/2017,18.8,12.6,89,89,8.6,0.9,1.5,0.3
11/23/2017,19.2,12.2,85,69,7.1,4.6,0,2.27
11/24/2017,17.2,12,88,88,7.9,0.3,0.5,0.68
11/25/2017,17,14,90,98,6.4,0,13.6,0.24
11/26/2017,15.8,13.8,94,92,9.6,0,34.2,1.51
11/27/2017,16,13.6,98,86,8,0,20.2,1.06
11/28/2017,16.2,14,98,96,16.3,0,77.9,0.1
11/29/2017,16.2,14.2,98,98,15.5,0,85.2,0.13
11/30/2017,17.6,13.4,96,92,7.2,0,6.4,0.44
12/1/2017,15.8,13.2,96,96,12.9,0,4.6,0.96
12/2/2017,16,12.6,98,96,12,0.1,4.5,1.74
12/3/2017,20.6,13.8,96,96,3.8,3.5,1.4,1.77
12/4/2017,19.8,13.2,76,85,1.1,2.7,7.2,2.07
12/5/2017,21.6,12.8,81,81,1.6,4.1,0,3.95
12/6/2017,20,11.8,76,68,1.6,5.6,9.5,1.68
12/7/2017,21.2,9.6,81,89,0.9,5.3,0,1.46
12/8/2017,21.4,9.6,55,91,1,8.7,0,1.96
12/9/2017,21.4,8.6,37,78,1.8,9.9,0,3
12/10/2017,20.4,13.8,49,92,2.9,6.8,2.9,2.12
12/11/2017,20.8,14.6,85,91,2.9,3.8,0.5,2.1
12/12/2017,19.4,12.4,98,87,2.4,2,0,2.72
12/13/2017,20.6,13.8,87,84,2.8,4.6,1,0.92
12/14/2017,19.6,12.8,92,94,4.7,1.6,2.4,0.92
12/15/2017,18.8,13.4,96,94,4.1,1.9,14.3,1.34
12/16/2017,17.2,11.2,98,94,3.9,2.3,0.2,1.39
12/17/2017,17.4,9.8,92,89,9.7,8.1,0,2.77
12/18/2017,18.6,9.6,84,80,5.8,7.9,0,3.35
12/19/2017,18.4,14.4,86,89,7.4,6.3,43.4,0.85
12/20/2017,15.8,12.6,98,98,4.1,0,61.1,0.46
12/21/2017,17.4,10.2,98,98,5.6,0.2,1.1,0.21
12/22/2017,18.2,10.2,96,87,2.3,0.3,3.4,1.13
12/23/2017,18.6,10.6,81,96,3.7,6.7,0,1.27
12/24/2017,18.8,12.2,92,89,3.7,3.4,0,2.29
12/25/2017,19.2,12.8,76,98,7.4,4.2,0,1.99
12/26/2017,20,14,98,85,2.6,4.1,9.5,0.54
12/27/2017,18.2,9,98,94,6,0.2,0,0.91
12/28/2017,17.6,10.8,89,98,3,3.4,0,0.79
12/29/2017,18.6,13.6,90,96,1.9,2.3,5.1,2.78
12/30/2017,19.6,13,86,90,3.2,1.6,0,2.26
12/31/2017,19.8,11.4,73,80,5.3,4.3,0,2.42
1/1/2018,20,12.4,80,74,7.3,7.4,0,2.38
1/2/2018,19.4,12.2,94,96,5.5,6.9,0,2.08
1/3/2018,19.6,11.4,69,79,3.6,7.1,0,1.74
1/4/2018,20.4,6.2,69,47,3.6,10.6,0,5.11
1/5/2018,20.4,5.6,41,88,3.2,8.8,0,1.46
1/6/2018,18.8,7.4,58,88,5.9,7,0,4.42
1/7/2018,18.8,7.6,52,72,4.8,10.8,0,1.6
1/8/2018,18.2,8.6,61,72,5.8,8.9,0,2.89
1/9/2018,20,13.4,80,69,7,9.6,0,2.59
1/10/2018,19.6,12.8,91,90,6.2,3.6,4.6,3.09
1/11/2018,17.6,12.6,98,96,5.2,1,9.6,0.57
1/12/2018,20.6,11.6,84,90,5.6,7.9,0.6,1.46
1/13/2018,18.2,12.6,86,82,10.6,2.8,0,1.93
1/14/2018,18.4,11.2,91,78,9.2,5.5,0,4.07
1/15/2018,18.8,11,60,67,11.6,10.1,0,3.62
1/16/2018,19.2,9.4,65,74,6.7,6.2,0,3.36
1/17/2018,20.6,10.4,51,49,3.7,9.8,0,3.58
1/18/2018,22,10,46,81,3.7,8.9,0,5.47
1/19/2018,21.6,7.8,41,82,3.4,6.9,0,1.65
1/20/2018,22.4,10.6,39,80,5.5,9.5,0,4.74
1/21/2018,23.2,10.6,32,54,4.3,8.9,0,3.08
1/22/2018,21.8,10.2,34,88,5,2.1,0,3.94
1/23/2018,20.4,11.6,45,79,6.1,4.3,0,3.1
1/24/2018,19.4,9.4,65,71,5.3,4.4,0,2.34
1/25/2018,19.8,9.8,55,66,4.7,9.2,0,3.93
1/26/2018,20.6,10.6,66,71,4.1,7.9,0,3.25
1/27/2018,20.6,12.6,62,73,4.9,1.1,0.6,2.74
1/28/2018,20,12.2,79,69,5.4,1.8,0,2.97
1/29/2018,19.4,14.2,59,96,12.3,4.2,28.8,0.66
1/30/2018,15.6,13.6,98,98,11,0.2,64.3,0.37
1/31/2018,16.2,13,98,96,8.2,0,1.6,0.07
2/1/2018,19.8,12,98,94,3.4,4.1,0,2.39
2/2/2018,19.8,13.4,77,92,4.5,4.3,0,0.27
2/3/2018,20.4,13.2,84,83,5.6,6.2,0,3.57
2/4/2018,18.6,13,90,82,12.2,2.7,0,0.57
2/5/2018,18.2,11.4,93,84,4.5,1.9,0,1.33
2/6/2018,21.2,11.8,79,90,5.1,7.1,0,3.13
2/7/2018,20.6,12.8,86,92,4.8,6.9,16.2,3.24
2/8/2018,19.2,12.8,82,96,5,3.2,5.2,0.91
2/9/2018,20.8,12.4,68,69,6.5,10.2,0,4.88
2/10/2018,20.4,12,46,66,9.1,10.9,0,4.31
2/11/2018,20.8,11.6,53,63,7.1,10.8,0,5.54
2/12/2018,20.2,16.4,78,66,5.1,10.2,0,3.14
2/13/2018,20.4,9.6,67,77,5.8,4.8,0,4.69
2/14/2018,18.2,12.2,84,84,9.3,4.8,4.1,0.24
2/15/2018,19.4,12,96,77,12.7,5.9,21.6,3.81
2/16/2018,18.6,11.2,91,82,5.3,2.4,0,3.13
2/17/2018,20.4,12,60,80,3.8,5.7,0,3.24
2/18/2018,21.6,10.4,68,70,4.1,8.9,0,3.39
2/19/2018,21.6,10.6,40,76,5.9,10.3,0,4.54
2/20/2018,20.6,8.8,37,64,4.3,11.1,0,3.52
2/21/2018,21.4,8.8,32,58,3.5,9.7,0,4.85
2/22/2018,21.4,8.6,46,72,3.9,5.9,0,3.22
2/23/2018,21.4,10.8,31,68,9.1,10.4,0,2.98
2/24/2018,21.4,11.2,86,92,10.3,2.4,2.9,1.87
2/25/2018,16.4,13.8,98,98,12.2,0,17.1,1.21
2/26/2018,17.2,12.2,98,96,7.5,0,3,0.72
2/27/2018,19.2,12.4,98,96,11.3,1.1,21.3,2.52
2/28/2018,18.4,13.4,96,92,6,1.4,0,1.36
3/1/2018,19.8,12.7,81,92,5.6,5.4,0.9,3.96
3/2/2018,18.4,10.8,82,94,4,2.6,2.5,0.06
3/3/2018,20.8,13,84,80,3.8,7.4,0.2,3.6
3/4/2018,21.2,10.2,82,74,3.9,8.1,0,2.59
3/5/2018,21.6,10.6,81,85,3.5,7.4,7.4,3.23
3/6/2018,21.4,12.4,34,64,5.3,9.4,9.4,5.49
3/7/2018,21.4,13.2,92,70,3.6,4.3,4.3,3.17
3/8/2018,20.4,14,61,72,12,5.7,5.7,5.65
3/9/2018,17.8,13.4,91,86,14.4,0.2,0.2,0.64
3/10/2018,15.4,12.6,96,98,19.2,0,0,1.25
3/11/2018,15.6,12,89,96,18,0,0,4.7
3/12/2018,NA,13.2,100,98,14.7,0,0,3.56
3/13/2018,16.8,12.2,98,96,7.9,0,0,0.61
3/14/2018,18.8,10.8,86,82,3.6,3.8,3.8,1.21
3/15/2018,20.4,11.6,79,98,3,5.3,5.3,0.32
3/16/2018,21.1,12.8,85,88,3.5,7.2,7.2,3.53
3/17/2018,20.2,10.6,79,78,5.3,7.9,7.9,2.04
3/18/2018,20.4,8.8,66,71,4.5,10.6,10.6,3.52
3/19/2018,21.2,11.4,60,68,4.2,8.5,0,2.97
3/20/2018,21.4,11.4,70,81,4.6,7.8,0,3.46
3/21/2018,19.8,11.8,78,83,3.9,3.3,0,1.35
3/22/2018,21.4,11.8,47,53,5.3,10.7,0,3.94
3/23/2018,21.8,12,36,66,5,10.2,0,4.82
3/24/2018,22,12.6,68,64,5.7,9.9,0,6.86
3/25/2018,20.2,14.2,78,88,5.4,6.9,0.8,3.56
3/26/2018,20.2,13,86,83,7.5,0,0.6,2.93
3/27/2018,20.8,11,80,75,4.3,1.1,6.6,3.08
3/28/2018,21.6,11.4,70,94,2.1,1.4,3,2.63
3/29/2018,20.4,12.5,75,81,1.8,4.3,0,1.76
3/30/2018,20.4,10.6,84,74,1.3,3.6,0,1.9
3/31/2018,21.8,10.8,70,72,2.6,7.9,0,1.31
4/1/2018,21.6,10.8,70,79,3,8.6,4.1,2.85
4/2/2018,20.6,12.4,83,96,3.5,4.7,1,1.13
4/3/2018,20.6,12.2,83,76,5.8,9,0,1.31
4/4/2018,20.6,10.6,63,81,4.3,9.9,0,2.98
4/5/2018,21.6,11.6,63,81,4,8.4,0,4.69
4/6/2018,22,12.6,85,88,3.8,6.8,38.2,1.02
4/7/2018,19.6,12.6,85,96,3.8,3.9,58.8,0.94
4/8/2018,20.6,14.6,79,92,3.2,1.9,18.2,1.08
4/9/2018,20.2,14,84,94,5.3,2.5,4.1,2.4
4/10/2018,20,13.4,94,94,4.9,1.2,5,1
4/11/2018,19.8,15.2,73,94,7.7,1.9,10.1,1.6
4/12/2018,20.8,14.8,90,92,7.4,1.9,10.6,1.45
4/13/2018,20.6,13,83,96,1.8,0,67.3,1.01
4/14/2018,21.2,13.6,92,94,3.7,4.5,8.5,1.37
4/15/2018,21.4,12.8,86,79,4.8,6.8,0,2.27
4/16/2018,20.4,13,79,80,8.7,7.2,0.2,2.16
4/17/2018,21.5,13.4,82,80,6.6,10,0,3.88
4/18/2018,20.2,14,88,90,4.5,3.1,2.5,0.18
4/19/2018,21.6,11.6,83,85,3.9,6.9,0,3.96
4/20/2018,20.8,11.6,86,87,4.3,9.3,0,4.74
4/21/2018,20.8,10.6,92,76,4,8.8,0,2.43
4/22/2018,21.8,12.4,72,83,4.1,7.3,0,4.14
4/23/2018,21.8,12,80,83,2.9,5.4,0,3.39
4/24/2018,20.4,14,81,83,3.2,3.6,3.4,4.74
4/25/2018,21.6,14.6,75,96,5.1,6.1,28.9,1.473
4/26/2018,21.4,12.6,79,94,2.6,5.1,2.6,1.05
4/27/2018,21.2,13.4,80,85,4.8,6.1,0.5,2.62
4/28/2018,21.8,13.2,92,96,2.7,5.6,21.2,3.73
4/29/2018,21.2,11.8,81,88,2.7,3.1,0.6,1.94
4/30/2018,22.6,12.6,71,81,2.9,9.3,0,2.69
5/1/2018,22.6,13.6,88,77,2.4,6.8,0,4.81
5/2/2018,22.6,13.2,73,82,2.5,2.7,3.3,0.57
5/3/2018,21.4,13,83,87,3.3,4.8,0,3.26
5/4/2018,21.8,12,69,96,3.2,2.7,10.9,3.2
5/5/2018,21.6,14.2,78,96,2.4,2.6,38.7,3.04
5/6/2018,20.8,13,83,96,1.7,0.2,19.5,2.68
5/7/2018,21.6,13.8,86,96,1.4,2.9,14.2,0.73
5/8/2018,21.6,13.6,83,98,1.2,2.5,25.2,1.19
5/9/2018,20.6,14.4,87,92,1.2,1.3,5.5,1.19
5/10/2018,20.6,12.6,78,90,2,4.9,13.4,2.45
5/11/2018,21.4,12.5,81,87,2.4,4.2,0.8,4.13
5/12/2018,21.6,13.2,81,94,2.8,7.3,9.9,1.4
5/13/2018,20.6,13.4,84,77,1.5,1.1,0,1.89
5/14/2018,19.8,12.8,85,98,0.8,2.9,38.2,3.76
5/15/2018,21.2,14.4,87,92,2.1,4.4,0.6,3.3
5/16/2018,21,12.8,86,94,1.4,4.5,23.8,0.6
5/17/2018,NA,14.6,92,81,0.7,0,0,0.66
5/18/2018,19.4,14.4,84,98,1.7,0.3,35.6,1.95
5/19/2018,19.5,14.6,83,96,2.4,0.3,0.3,2.12
5/20/2018,20.6,13.6,94,98,10.2,2.1,54.9,0.46
5/21/2018,17.8,13.6,98,98,10.9,0.6,29.8,1.56
5/22/2018,21,14.8,90,96,8.8,6,0,3.84
5/23/2018,19.6,14.4,94,98,7.6,1.4,7.7,1.29
5/24/2018,20.4,14.4,94,96,8.4,1.2,33,1.53
5/25/2018,18.4,14,98,96,11,0.1,6.1,1.33
5/26/2018,19,14.6,88,96,11.5,1.4,3.4,0.54
5/27/2018,17.2,13.6,98,96,23,0,2.7,0.6
5/28/2018,NA,NA,98,90,33.2,0,2.7,0.38
5/29/2018,NA,NA,NA,NA,31.5,8.7,0,3.9
5/30/2018,NA,NA,NA,NA,21.4,6.8,0,2.71
5/31/2018,NA,NA,NA,NA,16.1,4.2,2.2,1.02
6/1/2018,NA,NA,NA,NA,13.9,0.3,2.8,1.36
6/2/2018,NA,NA,NA,NA,17.9,0,9.8,0.11
6/3/2018,NA,NA,NA,NA,14.4,0,4.8,0.48
6/4/2018,NA,NA,NA,NA,13.4,0,1.3,0.59
6/5/2018,NA,NA,NA,NA,13.1,0.8,2.1,1.13
6/6/2018,NA,NA,NA,NA,14.5,0.3,3.8,0.29
6/7/2018,NA,NA,NA,NA,25.2,0,22.5,0.58
6/8/2018,NA,NA,NA,NA,34.6,0.2,10.8,0.36
6/9/2018,NA,NA,NA,NA,35.1,0,24.4,0.41
6/10/2018,NA,NA,NA,NA,28.4,0.2,4.6,0.95
6/11/2018,NA,NA,NA,NA,21,5.8,0.2,3.11
6/12/2018,NA,NA,NA,NA,31,4.6,0,2.13
6/13/2018,NA,NA,NA,NA,23.6,0.2,9.6,0.36
6/14/2018,NA,NA,NA,NA,21.6,0.1,3.5,1.76
6/15/2018,NA,NA,NA,NA,19.4,0.8,2.1,0.17
6/16/2018,NA,NA,NA,NA,15.7,0,2.4,0.99
6/17/2018,NA,NA,NA,NA,20.3,0.2,2,0.05
6/18/2018,NA,NA,NA,NA,20.9,1.2,0.6,1.33
6/19/2018,NA,NA,NA,NA,19.7,3.3,0.4,2.5
6/20/2018,NA,NA,NA,NA,19.1,8.9,2.2,3.67
6/21/2018,NA,NA,NA,NA,24.9,0.8,7.2,0.49
6/22/2018,NA,NA,NA,NA,18.5,3.3,0.2,2
6/23/2018,NA,NA,NA,NA,21.1,2.2,0.2,1.22
6/24/2018,NA,NA,NA,NA,21.1,1.6,0.1,2.58
6/25/2018,NA,12.4,NA,NA,24.1,1.1,1.8,2.41
6/26/2018,NA,13.6,87,80,24.9,0.5,0.4,0.98
6/27/2018,NA,13.6,85,86,21.3,2.9,1.5,1.47
6/28/2018,NA,13.6,81,80,16,3.1,2.2,2.78
6/29/2018,NA,12.8,89,82,10.2,2,0.4,0.16
6/30/2018,NA,13.6,84,77,8.2,4.5,0,1.24
7/1/2018,NA,14,75,84,6.9,2.7,0,1.42
7/2/2018,NA,13.6,84,96,11.7,1.7,0.2,0.2
7/3/2018,NA,13.4,90,94,10.7,2.9,0,2.34
7/4/2018,NA,13.2,90,94,11.6,8.3,0,2.64
7/5/2018,NA,13.6,85,75,12.3,7.4,0,1.18
7/6/2018,NA,10,88,83,16.2,2.6,0,2.57
7/7/2018,NA,13.4,79,96,19.4,7.3,0.6,0.56
7/8/2018,NA,13.6,96,94,23.9,0.2,2.3,2.08
7/9/2018,NA,13.2,98,98,25,0,21.6,0.9
7/10/2018,NA,13.2,96,98,28.4,0.3,11.1,1.1
7/11/2018,14.8,13.2,98,98,25.8,0,16.1,1.37
7/12/2018,16,13,96,96,25.9,0.4,1.5,0.86
7/13/2018,17.4,13.6,87,96,28.2,6.3,1.7,4.33
7/14/2018,16.8,14.6,85,96,17.6,0.9,16.2,3.57
7/15/2018,16.2,14.6,98,98,25,0.4,18.4,4.66
7/16/2018,15.8,13,98,85,29.1,0.3,11.1,3.836
7/17/2018,15.8,13.2,98,80,28.4,0.6,0.6,1.11
7/18/2018,16.8,13.8,80,94,19.9,1.7,0,1.01
7/19/2018,16.4,11.8,92,98,28.1,0,2.8,3.3
7/20/2018,17.4,13.2,89,80,29.1,4.4,0,3.1
7/21/2018,18.6,13.6,78,73,24.6,8.1,0,1.74
7/22/2018,20,14.6,80,79,11.7,9.4,0,2.6
7/23/2018,21.4,12.8,84,79,6.6,6,0,2.66
7/24/2018,19.6,14,81,96,9.6,4.3,1.2,1.5
7/25/2018,20.6,14.6,94,98,8.1,2.3,18.4,1.88
7/26/2018,20,14.6,92,81,9.9,4.7,0,2.38
7/27/2018,19.2,12.6,92,94,11,8.7,0,1.8
7/28/2018,20.2,12.4,84,94,11.2,6.2,0,1.96
7/29/2018,18.6,13.6,87,94,16,7,0.2,2.93
7/30/2018,18.4,14.2,98,92,18.5,2.1,3.1,2.46
7/31/2018,16.4,13,98,98,21.2,2,5.1,1.52
8/1/2018,15.8,13.6,96,90,17.4,0,0.2,1.64
8/2/2018,18.4,14,98,92,13.6,2.8,0,2.1
8/3/2018,18.6,14,94,86,13.8,4.8,0,2.64
8/4/2018,17.6,13,94,94,17.2,0.7,0,2.12
8/5/2018,17.4,13.6,89,94,17.5,1.6,0,1.44
8/6/2018,19,12.6,92,80,23.3,7.9,1.4,3.82
8/7/2018,16.8,12.6,98,80,21.9,0.8,1.5,0.52
8/8/2018,16.6,13,98,98,23.2,2.8,15.6,1.04
8/9/2018,16.2,12.6,100,96,16.4,0.4,8.7,0.98
8/10/2018,16.4,12.6,98,98,20.7,4.4,0,1.51
8/11/2018,16.8,13.4,96,96,16.8,0,4.6,1.27
8/12/2018,16.6,14.2,91,94,19.7,0.7,18.8,1.54
8/13/2018,16.6,13.6,96,84,18.7,0,28.7,0.26
8/14/2018,16.4,13.4,98,88,26.9,0,54.4,0.11
8/15/2018,15,12.6,96,98,37.6,0,28.7,0.57
8/16/2018,15.2,12.8,98,100,30.7,0,27.2,1
8/17/2018,15.8,13.2,98,100,27.2,0,14.8,0.21
8/18/2018,15.4,13.4,98,98,26.1,0,6.9,0.96
8/19/2018,15.8,13.8,98,98,22.4,0,8.1,0.59
8/20/2018,15.6,12.8,98,94,19.9,0.2,0.1,1.08
8/21/2018,17.6,12,81,80,13.5,5.7,0,0.98
8/22/2018,20.6,13.4,89,86,3.1,5.9,0,2.05
8/23/2018,21.4,13.8,62,90,2.6,4.2,8.2,1.86
8/24/2018,21.2,13.2,69,90,1.9,1.5,15.6,1.18
8/25/2018,21.6,13.6,72,92,8,3.6,0,2.7
8/26/2018,18.4,13.2,96,92,9.2,6.7,0,4.48
8/27/2018,20.2,13,96,83,6.3,5.5,0,3.22
8/28/2018,21.6,13.8,84,76,8.8,5.5,0,1.3
8/29/2018,19,13,98,76,13.5,1.4,0,4.16
8/30/2018,21,13.4,81,84,11.8,5.9,0,3.08
8/31/2018,18,13.6,98,94,13.4,1.4,0,2.58
9/1/2018,18,12.4,96,96,12.6,2.6,0,2.61
9/2/2018,18.6,12.4,92,90,7.2,10.7,0,2.37
9/3/2018,19.6,12.4,96,96,4.8,7.2,0,2.51
9/4/2018,21.4,11.6,55,85,3.4,3.6,1.2,1.72
9/5/2018,20.6,11.2,57,55,4.1,9.8,0,1.96
9/6/2018,19.6,12.2,53,56,17.5,11.1,0,3.04
9/7/2018,18.6,11.6,79,61,17.2,10.2,0,3.38
9/8/2018,21.8,10.8,67,58,2.8,9,0,3.09
9/9/2018,21.6,13.4,60,67,5.3,8.2,0,4.51
9/10/2018,21.6,11.6,64,84,3.3,6.9,12.7,3.3
9/11/2018,21.8,13.4,67,85,4.5,8.1,0,3.54
9/12/2018,20.4,12.8,71,85,1.7,4,11.8,1.64
9/13/2018,21.6,13,79,94,2.3,4.4,0,1.96
9/14/2018,21.4,12.4,68,90,3.43,6.5,7.1,1.59
9/15/2018,19.6,11.6,72,94,3.1,2.2,16.4,1.87
9/16/2018,18.6,12.4,92,90,13.6,2.8,0,3
9/17/2018,16.8,12.6,87,73,25.7,0.2,0.6,2.81
9/18/2018,16,13.6,93,92,29.5,1.2,0.2,0.41
9/19/2018,16.6,13.6,96,96,17,0,6.2,0.18
9/20/2018,17.6,13,98,94,19,0.9,5.2,0.54
9/21/2018,17.6,13.4,98,96,15.9,0,3.9,0.5
9/22/2018,20.8,12.2,71,82,6.1,4.8,0.2,3.53
9/23/2018,21.2,14.8,71,87,2.5,3.2,6.8,1.65
9/24/2018,19.6,14.6,90,88,3.2,0.4,15.9,2.28
9/25/2018,20.4,12.8,92,87,2.4,1.1,3,3.38
9/26/2018,19.8,12.4,89,92,2,2.7,13.7,0.3
9/27/2018,19.8,13.4,84,94,2.4,0.2,15.4,2.6
9/28/2018,19,13.6,90,92,2.1,0,22.6,2.56
9/29/2018,20.2,13.6,86,88,5,1.7,35.7,2.01
9/30/2018,20.4,13.8,92,89,5.1,1.7,2.2,3.08
10/1/2018,20.6,13.4,85,88,2.9,3.1,0.5,2.24
10/2/2018,20.6,13.2,94,79,2.6,2.4,2.4,1.92
10/3/2018,20.6,14.4,81,94,2.2,0,0,0.24
10/4/2018,19.6,13.6,86,92,2.9,0.2,0.2,2.33
10/5/2018,19.8,13.4,86,98,3.5,0,0,2.29
10/6/2018,21.4,13.8,81,98,2.6,1.8,1.8,2.08
10/7/2018,19.2,13.6,88,98,4.2,0,0,2.11
10/8/2018,20.4,14.4,86,96,8.6,1.8,1.8,2.38
10/9/2018,19.8,13.4,100,86,6.9,0.1,0.1,2.16
10/10/2018,20.2,12.6,80,88,2.2,1.6,1.6,1.9
10/11/2018,20.2,12.6,73,92,3.1,0.3,0.3,0.48
10/12/2018,20,12.8,77,94,0.1,0.8,0.8,0.91
10/13/2018,18.8,13,80,96,9.3,1.4,1.4,1.01
10/14/2018,19.8,12.6,84,92,2.6,0.3,0.3,0.55
10/15/2018,20.4,12.2,72,79,4.3,2.8,0,3.78
10/16/2018,20,13,83,94,2,3,2.6,2.34
10/17/2018,18.4,11.4,81,96,3.4,1.7,14,0.84
10/18/2018,19.8,12.2,59,86,2.1,3.5,0,2.04
10/19/2018,19.8,13.4,70,98,0.4,2.8,18.2,1.12
10/20/2018,19.4,12.2,90,98,1,0.2,63.6,1.06
10/21/2018,19.8,12.8,83,94,0.5,0,46.2,0.89
10/22/2018,19,12.6,85,94,0.3,0,23.6,2.33
10/23/2018,20.2,12.2,77,96,2.2,0.2,11,0.27
10/24/2018,19.6,13.4,81,86,2.4,1.6,18.8,1.77
10/25/2018,19.6,12.2,84,90,2.8,0.8,4.4,1.83
10/26/2018,19.8,13.2,86,92,3.9,2.1,20.8,0.11
10/27/2018,19.8,12.4,88,92,2.3,1.7,1.8,0.98
10/28/2018,18.6,13.6,92,94,2,0.4,0.3,1.21
10/29/2018,19,12.2,88,94,3.9,0.8,0,2.46
10/30/2018,19.6,12.8,76,92,9.8,2.7,0,2.31
10/31/2018,21,13.4,79,96,2.7,0.9,0.3,1.96
11/1/2018,19.8,12.6,90,86,3.1,0.6,0.1,2.8
11/2/2018,20.2,13.6,83,90,6.5,1.6,1.9,1.01
11/3/2018,16.8,14.4,94,96,8.8,0,1.1,0.09
11/4/2018,18.4,13.6,98,98,8.2,3.4,0.4,1.86
11/5/2018,17.8,13.6,98,92,5.1,0,52.9,0.7
11/6/2018,16.2,4.4,98,96,5.1,0,8.1,0.64
11/7/2018,18.2,12.8,98,98,3.4,0,9.5,0.3
11/8/2018,18,14.4,92,92,7.4,0,17.1,2.8
11/9/2018,17,11.6,100,100,9.5,0,13.7,2.03
11/10/2018,18.2,10.2,78,78,7.1,3.9,0,3.193
11/11/2018,19.6,12,64,82,5.5,5.1,0,2.14
11/12/2018,19.4,10.6,46,59,7.5,6.8,0,3.64
11/13/2018,20.4,10,33,66,5.9,8.5,0,4.4
11/14/2018,21,12,34,88,3.6,3.3,0,2.48
11/15/2018,21.2,11.4,65,36,3.4,5.8,0,1.72
11/16/2018,21,12.4,51,79,3,3,0,2.74
11/17/2018,20.2,12.6,73,77,2.8,3,19.7,0.82
11/18/2018,19.6,13.4,82,94,3.2,2,0,2.11
11/19/2018,19.4,13.6,82,96,4.5,0.7,5.3,0.27
11/20/2018,19.4,13.2,90,94,3.4,2.8,0,1.81
11/21/2018,20.8,13,79,92,3.1,1.6,0,2.86
11/22/2018,20.6,12.8,68,96,3.1,1.9,23.2,2.23
11/23/2018,19.6,12.6,88,83,4,2.9,87.7,2.41
11/24/2018,19.2,12.6,82,84,2.8,2.6,0.6,0.14
11/25/2018,20,13.4,74,88,5.7,6,0,0.93
11/26/2018,19.6,11.4,84,81,4.8,6.9,0.1,3.22
11/27/2018,18.4,14.8,77,90,7.7,2,20.3,0.88
11/28/2018,18,12.2,100,98,7,0.7,0.4,1.3
11/29/2018,18.6,13.6,87,92,7.3,4.5,3.6,3.3
11/30/2018,18.6,11.4,100,98,4.7,0.8,0,1.58
12/1/2018,18.8,10.4,71,70,3.9,7.1,0,1.31
12/2/2018,19.2,11.4,67,78,4.4,6.2,0,1.86
12/3/2018,19,13.8,90,96,4.8,0.7,23.8,1.33
12/4/2018,18.4,13.4,92,74,9.5,5.1,2.7,2.51
12/5/2018,15.6,14,98,98,10.7,0,6.6,1.04
12/6/2018,16.2,12.6,98,84,8.5,0,5.1,2.34
12/7/2018,16.4,12.6,90,96,11.8,0,5.2,0.33
12/8/2018,15.8,13,98,98,13.1,0,4.6,0.69
12/9/2018,16.6,13.2,89,94,7.2,0,0.2,0.64
12/10/2018,19,11.2,69,81,2.8,0.6,0,1.94
12/11/2018,20.2,10,60,47,2,1.3,0,3.08
12/12/2018,20,10.6,62,64,6.6,3.8,0,5.44
12/13/2018,18.6,11,62,74,3.5,0,0,0.68
12/14/2018,19.4,11.2,80,70,4.7,0,0,2.52
12/15/2018,18.2,11.4,78,79,9.9,0,0,2.92
12/16/2018,19.6,11,73,79,6.5,4.8,0,5.76
12/17/2018,21.6,11.6,42,38,3.7,9.1,0,3.96
12/18/2018,21.6,10.4,33,83,3.1,5.2,0,3.2
12/19/2018,20.2,12.2,39,55,5,8,0,2.58
12/20/2018,18.6,13.6,84,82,4.3,1.5,0,1.94
12/21/2018,18.8,13.6,92,79,5.5,0.2,1,1.41
12/22/2018,18.2,11.6,87,98,3.4,0,17.1,1.35
12/23/2018,20,12.6,67,80,5.9,4.6,0,2.64
12/24/2018,19,12,96,98,3.5,2.2,7.5,0.95
12/25/2018,19.8,12,86,84,4.3,4,1.6,2.37
12/26/2018,19.6,11,72,88,3.8,4.6,4.4,2.22
12/27/2018,18.2,12.4,79,86,7.1,1.6,0.7,2.04
12/28/2018,18.2,12,60,92,3.3,5.2,0,2.58
12/29/2018,18.6,10,87,96,13.6,6.6,0,3.31
12/30/2018,18.2,11.2,83,92,7.1,6.5,0,1.57
12/31/2018,17.8,11.8,78,94,8.9,3.6,0,2.06
1/1/2019,18,9.8,83,96,3.1,5.1,0,2.72
1/2/2019,20,10.4,55,77,4.1,6.1,0,2.7
1/3/2019,19.4,9.6,76,98,2.8,5.6,0,0.66
1/4/2019,20.4,8.8,65,89,4.9,9.5,0,4.73
1/5/2019,18.6,5.2,62,79,3.5,6.8,0,1.3
1/6/2019,19.4,8.6,51,64,6.9,7,0,3.29
1/7/2019,19.6,8.6,86,75,5.6,6.7,0,2.76
1/8/2019,19.4,11.6,69,87,5.1,5.9,0,4.56
1/9/2019,19.2,11.4,78,89,4.8,6.6,0,0.94
1/10/2019,19.2,12.4,85,83,6.4,5.1,0,1.36
1/11/2019,19.8,12.4,82,80,5.9,5.2,1.9,3.08
1/12/2019,17.4,12.6,88,92,5.7,1.8,0.8,1.1
1/13/2019,18.5,13.6,88,96,8.3,2,66.4,4.68
1/14/2019,18,13.6,98,90,7.5,0.6,1.1,0.89
1/15/2019,18.6,12.6,96,94,7.2,3.6,0.2,1.31
1/16/2019,16.6,7.8,98,94,5.4,0,1.9,0.76
1/17/2019,18.4,8.6,66,83,4.5,7.6,0,2.7
1/18/2019,19.8,9,86,60,5.5,7.9,0,3.97
1/19/2019,19.8,6.6,65,67,4.3,5,0,3.69
1/20/2019,18,7.6,36,87,4.1,4.9,0,1.24
1/21/2019,20.6,7.6,58,87,3.9,5.2,0,3.2
1/22/2019,21,9.8,40,80,3.5,7.6,0,4.26
1/23/2019,21,8,50,83,3.6,7.1,0,2.82
1/24/2019,19.6,10,78,87,3.6,5.6,0,2
1/25/2019,20.2,10.4,73,92,3.9,4.5,0,0.9
1/26/2019,18.6,11,85,92,4.5,1.6,0,1.65
1/27/2019,19.4,10,77,85,3.4,4.1,0,2.01
1/28/2019,19.6,10,66,87,4.6,7.6,0,3.4
1/29/2019,19,11.2,52,72,7.9,9.7,0,3.76
1/30/2019,18.8,11,54,76,9.6,8,0,3.68
1/31/2019,18.6,9.2,81,76,4.8,7.7,0,2.44
2/1/2019,18.6,10.6,68,80,9.2,3.4,0,3.73
2/2/2019,19.4,13.4,92,80,6,2.1,0,0.26
2/3/2019,18.2,14,90,94,9.9,5.2,2.5,2.3
2/4/2019,16.4,13.2,96,98,5.9,0,11.7,0.11
2/5/2019,18.2,13.6,96,89,5.5,0.9,0,1.76
2/6/2019,19,10.8,98,87,5.3,2.3,0,2.51
2/7/2019,19.8,13.4,65,89,4.9,5.3,0,3.1
2/8/2019,20,13.6,96,94,4.8,4.2,0,0.91
2/9/2019,18.8,13.2,87,94,6.4,1.8,0,2.08
2/10/2019,20,11.6,74,88,7.5,6.5,0,3.97
2/11/2019,17.4,11.6,94,96,12.8,1.3,0,0.32
2/12/2019,15.8,13,94,94,17.9,2.8,0,1.42
2/13/2019,18.2,13.4,96,82,12.7,5.7,0,1.08
2/14/2019,17.8,12.4,98,96,5.9,0,0,1.54
2/15/2019,19.4,11.4,90,85,3.6,1.7,0,0.65
2/16/2019,19.6,12.6,84,98,3.1,4,0,1.41
2/17/2019,21.2,11.2,77,98,2.2,1.2,0,3.78
2/18/2019,20.8,10.2,53,81,3.8,6.6,0,3.17
2/19/2019,20.6,11.6,63,71,10.1,8.4,0,5.49
2/20/2019,18.2,11.6,72,66,13.7,10.9,0,3.82
2/21/2019,18.8,12.4,79,66,10,9.9,0,3.29
2/22/2019,19.4,9.4,59,60,4.5,8.6,0,4.77
2/23/2019,20.4,11,41,60,6.4,7.5,0,4.93
2/24/2019,20.6,11.6,62,66,6.8,7,0,4.59
2/25/2019,20.8,12.2,78,66,4.2,7.2,0,1.82
2/26/2019,20.2,14.8,90,84,3.4,0.8,0,1.74
2/27/2019,18.2,11.6,89,90,3.3,0.3,0,2.04
2/28/2019,21.6,10.4,63,94,2,1.3,0,1.86
3/1/2019,21.4,11.4,32,59,6.6,4.1,0,3.93
3/2/2019,21.2,12.8,53,60,6,8.7,0,3.6
3/3/2019,20.4,11.2,90,64,4.4,2.9,0,3.57
3/4/2019,21.2,11.6,82,57,4,1.3,0,1.57
3/5/2019,21.6,10.6,75,84,4.1,6.3,0,3.24
3/6/2019,21.6,10.6,74,61,3.5,3.2,0,3.49
3/7/2019,23,12.4,46,61,4.4,9.2,0,4.36
3/8/2019,22.8,11.4,27,48,5.9,10.2,0,6.35
3/9/2019,21.6,11.6,41,48,7.6,8.6,0,5.22
3/10/2019,20.6,12.2,49,63,12.8,8.1,0,5.21
3/11/2019,20.4,9.2,62,62,5.6,9.7,0,5.08
3/12/2019,20.6,11.2,55,70,5.6,3.5,0,4.18
3/13/2019,21.2,11.8,49,82,7,0.9,0,4.11
3/14/2019,21.6,11.1,65,49,5.8,8.7,0,5.28
3/15/2019,23.6,11.6,61,74,4.6,4.1,0,4.27
3/16/2019,19.8,12.6,83,76,4.8,3,0,1.76
3/17/2019,20.8,13.2,89,80,4.8,0.3,0,1.83
3/18/2019,20.8,10,90,87,6.8,3.1,0,3.18
3/19/2019,21.2,9,46,65,5.5,8.8,0,4.05
3/20/2019,20.8,9.8,56,66,4.1,8.3,0,4.59
3/21/2019,19.6,11.2,71,75,3.8,1.3,2.2,1.18
3/22/2019,22,11.6,72,76,4.7,7.4,0,2.18
3/23/2019,21.6,9.4,75,88,4.4,5.9,0,3.46
3/24/2019,21.8,9.8,31,65,11.2,10.7,0,8.02
3/25/2019,21.6,10.4,52,66,9.9,10.7,0,4.68
3/26/2019,20.8,7.6,60,59,4.1,10.1,0,5.43
3/27/2019,22.2,7.4,41,91,4.5,9.4,0,3.15
3/28/2019,21.2,11.6,41,51,5.9,7.9,0,4.88
3/29/2019,22.2,12.4,49,47,6.8,10.8,0,3.66
3/30/2019,22,10.2,37,58,5.4,10.2,0,6.52
3/31/2019,22.6,10.6,45,61,3.5,6.8,0,2.26
4/1/2019,22.4,12.2,58,76,8.3,5.6,0,3.56
4/2/2019,22,10.4,69,62,5.2,9.8,0,3.98
4/3/2019,21.6,9.6,63,70,5,9.8,0,2.85
4/4/2019,22.2,10.6,39,66,3.5,7.1,0,4.21
4/5/2019,23,11.8,70,96,3.1,6.8,0,6.38
4/6/2019,21.8,10.8,77,74,4.1,5.8,0,5.28
4/7/2019,22.4,11.8,57,77,4.4,6,0,3.22
4/8/2019,22.6,12.8,74,89,3.5,5.9,19.4,2.13
4/9/2019,21.6,13.4,89,89,3.9,3,12.6,3.89
4/10/2019,21.6,14.6,80,74,3.9,4.2,0,2.78
4/11/2019,20.6,11.6,71,75,3.8,2.9,0,1.51
4/12/2019,22.8,12.8,51,71,4.6,9.9,0,2.95
4/13/2019,22.2,13,72,71,5.6,7.7,0.5,4.16
4/14/2019,22,12.6,64,71,5.5,9.2,0,4.84
4/15/2019,22.8,13.6,58,71,5.7,8.9,0.1,3.52
4/16/2019,22.8,13.6,66,79,3.9,6.3,0,2.84
4/17/2019,23.2,13.8,74,96,3.1,4.5,78.9,1.06
4/18/2019,21.4,14,75,89,4,3.5,5.6,1.85
4/19/2019,21,13,68,80,3.3,2.1,1.2,2.15
4/20/2019,21.4,13,82,77,4.7,7,12.5,2.37
4/21/2019,21,14.2,76,79,4,5.5,0,2.65
4/22/2019,21.8,14,77,82,5.1,7.2,0,3.26
4/23/2019,21.6,13.6,77,73,5.8,6.2,2.9,4.22
4/24/2019,22.2,13.6,58,58,3.9,6.3,0,2.82
4/25/2019,22,15.2,72,91,3.4,5.4,12.2,3.86
4/26/2019,20.6,15,77,86,3.5,0.7,0,2.24
4/27/2019,20.4,13.6,96,71,1.4,0,0,1.32
4/28/2019,21.4,15,76,80,3,4.4,1.3,1.22
4/29/2019,21.6,15,87,79,9.3,2.3,0.1,0.65
4/30/2019,18.6,13.6,92,98,12.1,0.2,2.5,1.88
5/1/2019,20.2,14.6,98,89,14.1,7.1,0,3.87
5/2/2019,20,14.6,89,92,21.3,2.6,0,3.04
5/3/2019,22.2,13.8,92,94,2.7,0.2,0,1.57
5/4/2019,22.6,13.6,94,94,3.3,5.2,13.1,0.91
5/5/2019,22.8,13.8,89,89,2.8,6.9,0,1.04
5/6/2019,23.8,13,89,86,3.3,7.6,0,1.01
5/7/2019,21.2,12.8,46,89,8.9,6.7,0,1.23
5/8/2019,21.2,12.2,50,86,7.8,10.6,0,1.37
5/9/2019,NA,12.6,52,65,2.7,7.5,0,1.58
5/10/2019,25.4,11.8,54,60,2.1,10.8,0,1.61
5/11/2019,22.6,12.8,44,69,2.5,6.1,0,0.34
5/12/2019,22.4,14.4,57,72,3.4,5.8,0,1.21
5/13/2019,20.8,13.6,80,73,7,7.1,0,3.77
5/14/2019,22.6,13,85,59,6.3,10.4,0,2.16
5/15/2019,NA,12.6,58,62,3,7.6,0,1.96
5/16/2019,22,13.6,63,89,2.4,5.7,6.8,3.16
5/17/2019,20.6,12.6,84,96,1.1,3.6,50.9,3.01
5/18/2019,21.2,13,77,98,1.7,4.7,15.9,0.97
5/19/2019,21.8,11.1,71,77,1.6,5.6,0,2.69
5/20/2019,22.2,12.8,72,70,2,9.2,0,2.95
5/21/2019,22,14.1,79,84,1.9,6.7,0.7,1.87
5/22/2019,21.2,13.8,84,84,1.6,1.2,19.8,1.42
5/23/2019,20.2,15,72,91,4.3,3.8,14.1,1.94
5/24/2019,21.8,14.8,79,75,6.3,7.2,0,2.98
5/25/2019,21.8,15.4,87,76,6.2,8.7,3.2,2.83
5/26/2019,23,14.6,54,81,4.3,8.1,0,3.03
5/27/2019,23.2,14.2,76,70,1.8,10.9,0,3.64
5/28/2019,22.6,14.2,78,68,2.1,9.9,0,2.96
5/29/2019,23,13.2,74,81,2.3,7.1,0,3
5/30/2019,22.6,14.4,60,81,3.8,6.8,0,3.46
5/31/2019,21.6,14.4,74,89,7.1,3.6,1.9,2.37
6/1/2019,20.8,14.6,81,82,12.9,7.7,0,3.78
6/2/2019,20.6,14.4,83,77,11.9,7.8,0,4.25
6/3/2019,21.6,15.6,85,84,11.3,6.2,9.9,2
6/4/2019,20.8,14.4,91,98,6.1,4,9.8,1.21
6/5/2019,20.8,15,80,94,8.9,3.9,1,1.42
6/6/2019,21.6,15.4,87,94,9.2,5.8,1.5,2.98
6/7/2019,20.4,14.6,96,98,15.7,2.4,1.7,2.33
6/8/2019,19.6,14.6,85,92,15,3.1,0,0.84
6/9/2019,20.4,14.2,85,87,18.1,5.8,16.9,2.97
6/10/2019,16.8,13.6,96,98,25.4,0,0.7,1.3
6/11/2019,19.4,13.8,81,77,25.4,5.1,1,3.21
6/12/2019,18.6,14.6,92,96,20,1.3,2.9,1.18
6/13/2019,18.3,14.4,90,89,17.5,1.6,8,2.87
6/14/2019,20,14.6,85,94,10.2,2.4,0,1.74
6/15/2019,21.2,14.6,79,79,9.5,6.3,0,3.06
6/16/2019,21.6,15,72,71,8.6,7.7,0,3.78
6/17/2019,20,14.8,98,76,16.8,4.5,0,3.34
6/18/2019,20.2,13.8,83,80,13.7,8.1,0,2.97
6/19/2019,19.6,15.2,78,83,16.9,8.4,4,3.06
6/20/2019,18.6,15,96,92,17.9,1.3,2.6,2.21
6/21/2019,17.4,14.4,98,85,24.2,0,15.2,0.75
6/22/2019,19.4,13.6,94,96,25.8,0.1,3.4,1.19
6/23/2019,20,NA,96,75,14.3,2.5,0,1.86
6/24/2019,19,15.2,89,80,7.7,2.5,0.8,0.64
6/25/2019,18.4,14.4,92,94,17.3,1.4,0.2,2.84
6/26/2019,19.2,13.4,89,78,12.3,4.9,0,2.36
6/27/2019,22.4,13.4,78,37,13.6,10.8,0,5.52
6/28/2019,19.8,13.4,86,65,11,10.2,0,2.04
6/29/2019,20.2,13,88,63,15.8,10,0,5.15
6/30/2019,19.8,13,86,66,21.9,5.2,0,4.25
7/1/2019,19.8,13.6,70,65,16.9,5.8,0,4.97
7/2/2019,19.9,14.4,88,62,14.4,6.2,0,4.42
7/3/2019,19.8,14,89,68,8.8,6.9,0,2.54
7/4/2019,20.8,14.2,80,64,10.4,10.9,0,4.28
7/5/2019,21.2,13.8,80,68,13.3,7.4,0,3.57
7/6/2019,20.4,13,75,65,14.8,6.9,0,4.68
7/7/2019,20.8,13.6,69,72,12.2,6.4,0,3.71
7/8/2019,22.4,14,74,53,6.7,10.2,0,5.46
7/9/2019,20.8,13.2,77,96,5.2,2.2,20.8,1.34
7/10/2019,19.8,14,87,96,8.6,5.7,0,2.12
7/11/2019,21.8,13.2,90,54,2.5,4.4,0,4.44
7/12/2019,22,14.4,58,82,1.8,5,3,1.51
7/13/2019,19.4,12.6,83,96,3.6,4.1,7.5,0.11
7/14/2019,21.2,13,88,81,4.9,6.3,0,3.27
7/15/2019,20.6,13.6,83,83,9.1,8.1,0,3.82
7/16/2019,21,14,82,85,11.3,9.2,0,1.85
7/17/2019,18.8,14.9,96,92,14.5,1.1,7.3,0.3
7/18/2019,17.8,13,98,98,22.2,0.1,84.8,0.11
7/19/2019,15.8,12.8,92,98,26.3,0,18.2,0.35
7/20/2019,16.6,13.6,96,96,25.5,0,3.2,2.07
7/21/2019,16.4,14.2,96,96,21.1,0.1,27.5,1.12
7/22/2019,15.4,13,98,94,17.3,0,0.5,2.12
7/23/2019,18.4,13.4,92,92,14.4,5.5,0,0.72
7/24/2019,19.2,13.6,85,85,11.1,5.3,0,2.8
7/25/2019,19.6,14.4,90,92,14.2,7.2,0,2.94
7/26/2019,18.4,12.6,98,75,16.1,3.9,0,3.43
7/27/2019,21.4,13.2,81,65,9.8,8.6,0,3.53
7/28/2019,20,13.6,86,61,19.1,8.5,0,5.23
7/29/2019,19.8,13.2,81,69,9.5,7.4,0,2.65
7/30/2019,22.4,13,74,41,4.5,10.3,0,4.57
7/31/2019,22.4,13.8,83,67,5.1,6.7,0,3.94
8/1/2019,20.8,14,89,74,8.4,6.8,0,3.33
8/2/2019,18.6,13.4,87,78,10.1,0.9,0,2.67
8/3/2019,20.8,13.2,66,74,11.5,10.3,0,4.63
8/4/2019,19.4,14.4,86,72,12.8,0.7,0,3.14
8/5/2019,19.6,14.2,90,76,21.5,6.6,0,4.86
8/6/2019,18.4,14,92,82,23.9,4.1,3.1,2.42
8/7/2019,17.4,13.4,94,90,23.3,0,7.3,1.24
8/8/2019,14.8,13,98,98,28.2,0,4,0.52
8/9/2019,17.4,13.8,98,85,21.5,0.9,4,0.11
8/10/2019,17.4,13.8,94,94,20,0.9,9.2,1.75
8/11/2019,17.6,14.4,90,87,9.4,0.8,1.1,0.24
8/12/2019,16.8,14,94,96,10.3,0,44.7,0.07
8/13/2019,17,13.4,98,98,14.9,0,20.4,0.93
8/14/2019,16.4,13,92,98,28.1,0.2,1.6,1.47
8/15/2019,18.2,13.6,96,82,10.7,0.3,0,2.74
8/16/2019,19,14.6,94,91,7.5,0.3,0,2.83
8/17/2019,NA,13.6,94,83,12,0,0.9,0.43
8/18/2019,20.4,13.6,96,69,11.3,6.9,0,4.06
8/19/2019,20.2,13.6,73,82,14,8.6,0,3.58
8/20/2019,21.6,13.6,76,84,13.1,3.3,1.6,3.21
8/21/2019,16.6,13.4,96,90,25.6,2.3,9.4,2.22
8/22/2019,14.8,12.4,98,98,27.8,0,6.6,0.91
8/23/2019,15,12,100,98,24.1,0,9.3,1.13
8/24/2019,18.2,13.4,86,85,22.8,0.2,0,2.22
8/25/2019,17.4,13,94,92,17.2,0,6.7,2.02
8/26/2019,15.6,12.8,96,83,16.9,0,2.6,1.24
8/27/2019,18.6,14,98,81,20.3,1.8,0,2.91
8/28/2019,16.8,13.6,92,94,19.8,0.1,0,2.68
8/29/2019,19,14,89,90,15.7,2.5,24.1,2.16
8/30/2019,17,13.6,94,86,25,0,0,1.09
8/31/2019,17.4,13.4,96,85,20.4,0.6,1.2,0.89
9/1/2019,16.8,13.6,96,98,16,0,6.1,0.11
9/2/2019,18.4,13.6,96,89,18.3,1.6,0,2.19
9/3/2019,19.2,12.8,98,74,20,4.8,0,2.54
9/4/2019,19,13.6,85,83,20.8,3.2,0,2.84
9/5/2019,17.2,14.4,98,98,13.7,0,2.9,0.44
9/6/2019,17.6,14,94,89,16.4,0,3.5,0.28
9/7/2019,19.2,13.2,83,96,14.6,4.1,30,4.91
9/8/2019,20.8,14.4,71,80,8.6,9.7,0,3.67
9/9/2019,20.6,12.8,94,78,6.9,3.8,0,0.44
9/10/2019,21.4,14.4,85,91,2.7,2.9,4.4,1.58
9/11/2019,19.8,14.4,98,90,12.1,0.8,0,1.3
9/12/2019,18.2,13.4,85,85,10.9,1.1,0.8,2.38
9/13/2019,20.8,13.2,85,89,5.9,1.8,0,2.83
9/14/2019,20.8,14,83,87,10.3,3.5,1.2,3.21
9/15/2019,18.8,14.4,82,94,13.3,0.2,19.8,2.66
9/16/2019,16.4,14.2,98,98,18.1,0,7.5,2.42
9/17/2019,17.2,13.4,98,98,11.4,0,5.7,3.96
9/18/2019,19,13.6,94,77,14.1,2.4,0.2,0.7
9/19/2019,17.2,13.6,100,96,13.1,0,6.4,0.92
9/20/2019,18.8,14.2,98,96,6.2,0.6,0.8,1.67
9/21/2019,21.2,13,92,73,3.1,3.3,0,2.51
9/22/2019,20.6,14.4,78,96,2.6,2.1,25.3,2.02
9/23/2019,18.6,14.4,91,98,4.8,0,29.3,1.98
9/24/2019,16.8,14.2,100,96,9.8,0,3,0.71
9/25/2019,18.2,12.6,94,98,3.9,0,43.1,0.52
9/26/2019,18.8,12.8,82,90,1.4,0,16.2,3.87
9/27/2019,NA,13.2,75,73,6.5,0,0.3,0.86
9/28/2019,18.2,13.4,96,96,11.4,0.2,26.3,1.16
9/29/2019,18.4,12.2,98,96,5.8,0,2.7,2.22
9/30/2019,19.8,12.4,71,96,5.5,2.7,18.2,1.78
10/1/2019,19.4,13.6,77,89,4.6,4.6,0.4,2.2
10/2/2019,20.4,12.6,77,82,5.9,3.5,9.3,2.48
10/3/2019,21,11.6,78,98,3.6,2.7,5.5,0.46
10/4/2019,20.2,12,74,87,4.2,2.1,46.1,0.31
10/5/2019,20,12,73,87,2,2.5,14.2,1.42
10/6/2019,18.6,11.4,85,89,1.2,0,40.3,0.62
10/7/2019,19,13,84,87,1.2,0,32,0.92
10/8/2019,20,12,89,92,2.7,1.3,0,2.54
10/9/2019,19.8,11.6,78,91,1.6,0.2,13.8,0.4
10/10/2019,20.4,12.2,83,92,1.1,0.8,3.5,2
10/11/2019,1/.6,12,85,98,1.5,0,32,2.12
10/12/2019,19.4,12.4,79,96,2.1,2.1,29.3,0.53
10/13/2019,19.8,13.4,82,96,3.6,1.7,2.5,4.08
10/14/2019,19.4,13.6,89,80,7.5,3.4,0.2,1.88
10/15/2019,20.8,14,85,86,2.8,1.2,7.4,3.02
10/16/2019,18.4,13.8,92,94,4.4,0,2.5,1.09
10/17/2019,19.6,11.8,79,94,0.7,0,30.9,0.67
10/18/2019,20.4,13.4,74,92,1.4,2,5.4,3.73
10/19/2019,18.2,13.2,92,94,1,0,12.3,0.13
10/20/2019,19.6,14.2,89,96,1.6,0,9.1,3.26
10/21/2019,19.4,13.6,87,96,1.2,1,13.7,0.71
10/22/2019,17,13.6,94,96,7.6,0,3,0.92
10/23/2019,19.2,14,87,90,3.1,0.5,4.6,0.16
10/24/2019,17.2,13.6,96,92,3.5,0,8.2,1.74
10/25/2019,19.2,12.8,83,82,0.6,0,2,1.38
10/26/2019,17.4,13.8,88,94,3,0,2.6,1.3
10/27/2019,16.6,14,86,96,8.8,0,36.5,1.68
10/28/2019,15,13.8,98,98,20.4,0,31.7,1.32
10/29/2019,17,13.6,100,98,8.8,0,10.5,0.56
10/30/2019,19,14,87,94,5.9,0,0,0.48
10/31/2019,18.8,12.6,87,89,5.9,0,0,2.88
11/1/2019,20.6,13.4,72,89,3.4,3.1,2.7,1.03
11/2/2019,19.8,12.6,78,89,3.2,1,5.7,3.29
11/3/2019,18.6,12.4,88,90,6.6,0.8,22,1.12
11/4/2019,20,13,82,91,2.8,2.1,1.2,1.76
11/5/2019,NA,NA,NA,NA,NA,NA,NA,NA
11/6/2019,NA,NA,NA,NA,NA,NA,NA,NA
11/7/2019,NA,NA,NA,NA,NA,NA,NA,NA
11/8/2019,NA,NA,NA,NA,NA,NA,NA,NA
11/9/2019,NA,NA,NA,NA,NA,NA,NA,NA
11/10/2019,NA,NA,NA,NA,NA,NA,NA,NA
11/11/2019,NA,NA,NA,NA,NA,NA,NA,NA
11/12/2019,NA,NA,NA,NA,NA,NA,NA,NA
11/13/2019,NA,NA,NA,NA,NA,NA,NA,NA
11/14/2019,NA,NA,NA,NA,NA,NA,NA,NA
11/15/2019,NA,NA,NA,NA,NA,NA,NA,NA
11/16/2019,NA,NA,NA,NA,NA,NA,NA,NA
11/17/2019,NA,NA,NA,NA,NA,NA,NA,NA
11/18/2019,NA,NA,NA,NA,NA,NA,NA,NA
11/19/2019,NA,NA,NA,NA,NA,NA,NA,NA
11/20/2019,NA,NA,NA,NA,NA,NA,NA,NA
11/21/2019,NA,NA,NA,NA,NA,NA,NA,NA
11/22/2019,NA,NA,NA,NA,NA,NA,NA,NA
11/23/2019,NA,NA,NA,NA,NA,NA,NA,NA
11/24/2019,NA,NA,NA,NA,NA,NA,NA,NA
11/25/2019,NA,NA,NA,NA,NA,NA,NA,NA
11/26/2019,NA,NA,NA,NA,NA,NA,NA,NA
11/27/2019,NA,NA,NA,NA,NA,NA,NA,NA
11/28/2019,NA,NA,NA,NA,NA,NA,NA,NA
11/29/2019,NA,NA,NA,NA,NA,NA,NA,NA
11/30/2019,NA,NA,NA,NA,NA,NA,NA,NA
12/1/2019,NA,NA,NA,NA,NA,NA,NA,NA
12/2/2019,NA,NA,NA,NA,NA,NA,NA,NA
12/3/2019,NA,NA,NA,NA,NA,NA,NA,NA
12/4/2019,NA,NA,NA,NA,NA,NA,NA,NA
12/5/2019,NA,NA,NA,NA,NA,NA,NA,NA
12/6/2019,NA,NA,NA,NA,NA,NA,NA,NA
12/7/2019,NA,NA,NA,NA,NA,NA,NA,NA
12/8/2019,NA,NA,NA,NA,NA,NA,NA,NA
12/9/2019,NA,NA,NA,NA,NA,NA,NA,NA
12/10/2019,NA,NA,NA,NA,NA,NA,0,NA
12/11/2019,NA,NA,NA,NA,NA,NA,0,NA
12/12/2019,NA,NA,NA,NA,NA,NA,0,NA
12/13/2019,NA,NA,NA,NA,NA,NA,0,NA
12/14/2019,NA,NA,NA,NA,NA,NA,0,NA
12/15/2019,NA,NA,NA,NA,NA,NA,0,NA
12/16/2019,NA,NA,NA,NA,NA,NA,0,NA
12/17/2019,NA,NA,NA,NA,NA,NA,NA,NA
12/18/2019,NA,NA,NA,NA,NA,NA,NA,NA
12/19/2019,NA,NA,NA,NA,NA,NA,NA,NA
12/20/2019,NA,NA,NA,NA,NA,NA,NA,NA
12/21/2019,NA,NA,NA,NA,NA,NA,NA,NA
12/22/2019,NA,NA,NA,NA,NA,NA,NA,NA
12/23/2019,NA,NA,NA,NA,NA,NA,NA,NA
12/24/2019,NA,NA,NA,NA,NA,NA,NA,NA
12/25/2019,NA,NA,NA,NA,NA,NA,NA,NA
12/26/2019,NA,NA,NA,NA,NA,NA,NA,NA
12/27/2019,NA,NA,NA,NA,NA,NA,NA,NA
12/28/2019,NA,NA,NA,NA,NA,NA,NA,NA
12/29/2019,NA,NA,NA,NA,NA,NA,NA,NA
12/30/2019,NA,NA,NA,NA,NA,NA,NA,NA
12/31/2019,NA,NA,NA,NA,NA,NA,NA,NA
1/1/2020,19.2,13,89,90,3.9,3.5,0,3.15
1/2/2020,19.4,12.8,98,86,6.7,2,2.2,0.99
1/3/2020,19.4,11.6,94,79,3,7.7,0,2.03
1/4/2020,19.2,12.4,78,79,3.6,1.4,0,1.81
1/5/2020,20.2,11,73,80,3.7,3.5,0,2.98
1/6/2020,18.4,11.6,94,71,11.4,5.1,0,2.56
1/7/2020,18.8,13.8,88,72,9.7,4.4,4.7,1.35
1/8/2020,17.6,9.6,98,85,3.5,2.3,0.7,1.33
1/9/2020,18.8,7.2,81,91,3.3,1.9,0,1.91
1/10/2020,19.4,10.2,42,87,7.1,5.4,0,2.89
1/11/2020,18.6,13.6,83,94,11.3,3.6,1.1,2.63
1/12/2020,17.8,9.6,90,85,5.3,3.4,0,3.17
1/13/2020,19.6,8.4,70,75,4.3,4.7,0,3.02
1/14/2020,19.8,8.4,48,83,3.1,4.4,0,3.11
1/15/2020,20.6,8.2,41,70,3.6,6.9,0,4.55
1/16/2020,20.2,10.4,47,79,2.2,4.3,0,2.19
1/17/2020,19.4,12.4,79,92,1.5,0,3.3,0.77
1/18/2020,19.6,11,80,87,2.7,3.2,0,2.68
1/19/2020,19.8,13.6,82,86,4.2,4.7,6,3.13
1/20/2020,18.8,13.8,98,78,4.5,4.2,0,2
1/21/2020,18.6,14.2,98,78,7.6,3,4.9,1.96
1/22/2020,16.2,14.6,98,98,15,1.7,19,2.48
1/23/2020,17.4,12.2,98,98,10.4,2.3,4.6,0.51
1/24/2020,17.6,11,92,83,8.6,5.7,0,3.58
1/25/2020,18.4,7,76,75,3.2,2.3,0,1.76
1/26/2020,21.6,7.6,53,75,3.8,9.5,0,6.3
1/27/2020,21,11.6,49,60,3.7,7.6,0,2.08
1/28/2020,20.2,10,51,49,3.2,4.6,0,3.63
1/29/2020,21.2,12,39,49,4.1,6,0,3.15
1/30/2020,21.4,11,72,54,4.9,9.1,0,4.97
1/31/2020,21,10,70,44,4.8,10.2,0,5.1
2/1/2020,19.4,8.2,46,71,1.3,9.4,0,3.54
2/2/2020,19,8,68,78,1.5,4.8,0,3.67
2/3/2020,18.6,10.8,70,89,0.8,0.2,0,2.21
2/4/2020,18.6,9.6,84,88,0.7,0,0,1.51
2/5/2020,18.6,12.4,81,78,1.1,0.4,0,1.56
2/6/2020,21.8,11.6,71,46,2.7,6.5,0,4.14
2/7/2020,22.4,11.4,75,34,4.4,3.9,0,3.95
2/8/2020,22.2,9.2,66,48,1,7.8,0,4.11
2/9/2020,22.4,9.4,61,46,4.4,8.6,0,5.08
2/10/2020,19.4,10,45,80,6.6,7.8,0,3.63
2/11/2020,18.4,13.6,82,68,13.7,8,8.3,3.85
2/12/2020,16.2,14.6,98,98,14.5,0,22,1.29
2/13/2020,16.4,13.6,98,98,6.6,0,0,1.22
2/14/2020,19.2,12.6,89,80,1.3,3.3,0,1.45
2/15/2020,20.6,11.8,82,94,1.2,8,0,2.7
2/16/2020,20,10.4,83,94,1.5,9.6,0,3.18
2/17/2020,20.8,6.4,58,74,0.6,6.8,0,3.7
2/18/2020,21.4,8.8,15,52,0.1,9.9,0,3.49
2/19/2020,20.6,10.4,44,82,1,9,0,2.99
2/20/2020,19,14.6,84,80,8.2,9.5,6.1,3.4
2/21/2020,18.6,13,100,85,14.4,0.8,19.8,3.37
2/22/2020,15.6,12.4,98,96,15,0,2.4,1.77
2/23/2020,16.6,12,92,98,9.3,0.6,5.6,1.32
2/24/2020,NA,13,86,72,5.9,5.4,0,1.69
2/25/2020,19.4,10.6,87,84,2.3,4.5,0,1.23
2/26/2020,19.6,8.4,75,81,2.5,8.5,0,3.84
2/27/2020,20,9,40,82,1.9,9.7,0,2.95
2/28/2020,20.4,8.6,26,80,0.4,9.1,0,2.61
2/29/2020,19.4,9.8,71,78,0.4,6.3,0,1.81
3/1/2020,20.4,11.6,45,75,0.9,5.8,0,2.8
3/2/2020,22.8,9.6,53,86,0.3,9.1,0,2.74
3/3/2020,22.4,10.4,38,68,0.8,9.8,0,3.29
3/4/2020,22,12.6,48,84,1,3.6,0,1.33
3/5/2020,21.6,11.4,52,56,0.6,3.9,0,2.15
3/6/2020,22.4,12,89,70,0.5,1.5,0,1.18
3/7/2020,20.4,8,60,96,0.2,4.1,21.6,1.88
3/8/2020,22.6,11.4,48,91,0.1,6.4,0,3.05
3/9/2020,22.6,9.2,41,64,0.3,3.9,0,2.04
3/10/2020,21.8,12.2,35,65,1.1,4.9,0,2.37
3/11/2020,22,11.4,28,49,1.7,3.2,0,2.83
3/12/2020,21.2,12,38,70,2.3,5.8,0,2.79
3/13/2020,20.4,10.4,40,69,2.4,2.1,0,4.06
3/14/2020,22.4,11.8,33,58,1.1,6.3,0,0.86
3/15/2020,21.2,11.8,54,58,1.4,5.7,0,2.25
3/16/2020,20.6,13.4,82,89,8.9,0,0,2
3/17/2020,19.6,13.6,81,90,12.5,0,7.7,2.45
3/18/2020,20.2,13.4,87,86,2,0.8,0.6,0.84
3/19/2020,20.4,13.4,64,92,0.8,1.6,0,1.72
3/20/2020,21.4,11.6,57,59,2.2,7.9,0,3.77
3/21/2020,21.4,11.6,39,42,3,4.7,0,5.11
3/22/2020,22.2,12,42,76,3.4,1.9,0,5.27
3/23/2020,21.8,13,42,79,3.1,6.9,0,4.26
3/24/2020,22,10.8,29,51,4.1,7.1,0,4.81
3/25/2020,20.6,12,51,51,3.4,1.1,0,4.23
3/26/2020,20.2,9.6,51,59,5.3,4.8,0,5.45
3/27/2020,21.6,10,48,71,2.8,3.5,0,4.63
3/28/2020,22,10.6,38,68,1.7,5.8,0,3.1
3/29/2020,22,10.2,64,87,3,5.3,0,3.64
3/30/2020,23,10.8,82,84,2.3,8.2,3.7,3.8
3/31/2020,22.2,8.6,58,76,2.3,11.1,0,3.58
4/1/2020,22.2,12.4,41,73,5.1,7.5,0,5.79
4/2/2020,22.4,11,41,72,3.9,10,0,4.53
4/3/2020,21.6,12.6,40,71,4,9.6,0,3.92
4/4/2020,22,11.2,71,98,1.9,8.8,3.6,0.25
4/5/2020,22.6,13,56,81,2.4,8.3,1.3,3.53
4/6/2020,22.2,10.6,85,72,2.7,9.1,0,4.84
4/7/2020,22.2,10.4,40,61,3.1,10.8,0,4.27
4/8/2020,23.2,11,62,58,2.2,9.6,0,3.83
4/9/2020,22.4,11,61,51,3.9,7.2,0,3.4
4/10/2020,22,13,64,73,5.9,9.1,4,3.72
4/11/2020,21,12.6,80,74,3.7,6.2,0,2.82
4/12/2020,21,13.6,72,66,4.7,8.7,0,2.9
4/13/2020,22.6,12.6,63,74,2.5,7.9,0,1.74
4/14/2020,22.2,14.6,80,75,5.2,8.2,24.7,2.38
4/15/2020,21.2,12.6,87,98,2.8,7.5,5.9,2.04
4/16/2020,21.2,13,77,92,1.2,4.6,2.9,1.36
4/17/2020,22.2,12.8,73,89,1.3,7.1,2.2,2.58
4/18/2020,22.2,13.4,74,74,1.6,7.6,13.6,3.9
4/19/2020,21.4,13.2,84,92,2.3,7.8,0.5,1.56
4/20/2020,23,13,77,81,3,9.2,0,4.74
4/21/2020,22.4,12.6,71,89,1.1,8.2,0,3.93
4/22/2020,21.6,13.6,78,77,0.3,3,4.3,3.5
4/23/2020,22.4,12.2,76,78,0.6,7.9,0.9,2.74
4/24/2020,21.2,13.6,76,71,0,4.5,0,2.47
4/25/2020,22.4,13,75,91,0.6,9.5,0,3.61
4/26/2020,22.8,11.6,61,79,0.5,9.6,0,3.64
4/27/2020,22.8,13.6,60,91,0.5,8.9,0,3.95
4/28/2020,22,13.2,77,67,0.2,7.7,0,3.28
4/29/2020,23.4,13.6,89,66,0.3,9.2,0,1.7
4/30/2020,22,13.4,82,91,0,4.3,2.7,2.1
5/1/2020,21.4,12.6,78,86,0,4.8,0,2.12
5/2/2020,22.6,12.4,65,84,0.6,9,0,3.3
5/3/2020,22.4,13,54,69,0.5,9.5,0,3.26
5/4/2020,21.2,13.6,63,98,0.1,3.7,12.8,0.8
5/5/2020,21.4,12.8,79,94,0.2,3.9,0.6,1.31
5/6/2020,20.6,12.8,80,89,0,1.5,6.8,1.35
5/7/2020,20.2,14.6,75,94,0,4.1,28.1,0.58
5/8/2020,22,15,74,93,0,6.1,7.3,0.2
5/9/2020,21.2,14,82,98,0,4,6.5,1.44
5/10/2020,22.2,14.8,80,94,0.1,4.9,66.2,0.21
5/11/2020,21.6,14.6,91,84,0,3.1,19.4,2.58
5/12/2020,23.2,13.8,82,91,4.5,5.8,19.7,2.38
5/13/2020,21,14.8,84,87,2.6,2.3,0.4,1.49
5/14/2020,23.2,15.2,81,89,3.9,6.3,4.5,1.56
5/15/2020,21.6,15.8,78,77,10,5.4,10.5,2.89
5/16/2020,19,16,94,77,12,0,0,2.12
5/17/2020,20,16,92,85,13.3,0.1,7,1.42
5/18/2020,18.4,15,98,100,16.2,0.6,21.4,0.85
5/19/2020,17.8,13,96,98,14.3,1.4,20.2,0.38
5/20/2020,20,14.8,66,82,12.8,6.2,0,2.37
5/21/2020,20.2,14.6,91,94,14.8,5.2,11.7,1.2
5/22/2020,17.8,14.8,94,98,12.1,1.9,0,0.49
5/23/2020,20.4,15.2,98,91,8.6,6.1,0,2.09
5/24/2020,22.8,15,89,79,6.5,7.6,0,3.25
5/25/2020,21.4,15.4,92,86,7.8,1.1,0,3.09
5/26/2020,20.6,14.6,85,69,8.1,3.7,8.2,2.06
5/27/2020,19.8,13.6,88,79,7.8,4.4,1.2,0.34
5/28/2020,21.6,15.6,80,78,8.3,4.9,0.6,3.83
5/29/2020,22,15.6,93,89,9.3,6.4,0,2.46
5/30/2020,22,15,87,79,8.4,8.2,0,4.25
5/31/2020,20.8,14.6,96,67,11.5,11.1,0,2.47
6/1/2020,22.6,14,78,61,7.5,10.7,0,4.99
6/2/2020,21.4,10.8,69,63,8.9,11.2,0,5.53
6/3/2020,20.8,12.6,61,58,10.3,11.3,0,5.16
6/4/2020,21.6,14,73,71,11.3,10.6,0,5.05
6/5/2020,20.8,14,65,80,12,9.8,0,3
6/6/2020,17.2,14,83,100,19.3,2.1,7.7,0.84
6/7/2020,17.8,13.6,96,89,18.7,0,16.2,1.29
6/8/2020,19.2,14.6,74,85,17.9,1.5,0,2.29
6/9/2020,19.6,14,87,74,13.3,6.3,0.5,3.05
6/10/2020,17.8,14,92,89,19.7,2.4,9.7,1.66
6/11/2020,16.2,14,98,98,20.7,0,19.7,1.4
6/12/2020,17.4,13.6,100,94,17.1,1.8,4.3,1.15
6/13/2020,19.6,14,98,85,14.7,6.7,0.2,2.92
6/14/2020,17.6,13.4,98,96,12.1,4,2.2,0.34
6/15/2020,19.2,14,91,70,11.8,7.4,0,3.86
6/16/2020,19.4,14.4,89,89,11.3,4.2,0,1.49
6/17/2020,19,14.4,94,90,15.5,3.7,0,1.77
6/18/2020,19,13.6,92,80,14.3,7.6,0,1.99
6/19/2020,21.4,14.6,75,84,10,9,2.4,2.13
6/20/2020,19.6,14.4,83,76,15.5,7.6,0,4.44
6/21/2020,18.4,14,85,78,15.8,1.7,0.7,3.23
6/22/2020,20,14.6,94,76,12.1,3.6,0,1.21
6/23/2020,20.8,13.8,81,73,4.6,4.3,0,2.07
6/24/2020,20.2,14.6,73,94,5.5,1.1,7.2,1.68
6/25/2020,19.6,14.4,89,96,11.5,0.6,6.4,0.38
6/26/2020,16.6,13.8,98,76,16.9,0,11.2,0.98
6/27/2020,18.8,13.8,98,88,13.7,4.3,0.7,0.7
6/28/2020,19.6,14,85,75,11.1,8.1,0.5,1.47
6/29/2020,19.6,14.8,83,96,13.1,1.3,5.2,2.57
6/30/2020,16.8,14.6,98,89,15.1,0.3,0.9,0.98
7/1/2020,19.4,13.6,98,82,11.2,3.8,0,2.32
7/2/2020,20.4,14.2,92,91,13.6,10,0,3.49
7/3/2020,17.6,13.6,92,89,16,13,0,1.94
7/4/2020,16.8,14,96,92,15.9,0.1,0,0.5
7/5/2020,19,14.2,90,85,16,9.8,0,3.61
7/6/2020,19.4,14.6,92,85,12.3,5.8,0,2.46
7/7/2020,20.4,13.8,96,68,6.8,6,0,2.12
7/8/2020,20.2,14,89,94,2.8,1.8,0,0.41
7/9/2020,21.4,12.6,82,98,2.8,4,0,1.85
7/10/2020,19.6,13.6,83,89,10.2,4.7,0,2.29
7/11/2020,20,13.6,90,92,10,3.1,0,2.4
7/12/2020,19.2,13.6,98,80,11.1,3.9,0,4.17
7/13/2020,20,14.6,90,85,13.2,5.1,0,1.53
7/14/2020,21,15,81,76,10.2,9.3,0,4.37
7/15/2020,18.8,14.2,92,91,11.8,4.3,0,0.78
7/16/2020,18,14,100,94,14,2.7,0,1.72
7/17/2020,19.6,13,94,74,6.2,2.9,0,3
7/18/2020,20.6,13,82,94,2.9,4.9,0,0.42
7/19/2020,20.2,12.8,82,89,3.5,5.7,0,2.8
7/20/2020,19.4,13.2,92,67,3.8,0.6,0,0.29
7/21/2020,20.4,13.2,71,71,7.7,7.4,0,2.34
7/22/2020,21.2,14.6,75,90,9.5,7.1,0,5
7/23/2020,19.8,13.8,85,84,10.9,4.2,0,0.68
7/24/2020,18,13.4,98,79,15,2.1,0,6.13
7/25/2020,17.6,14,83,92,16.8,2.3,0,2.56
7/26/2020,16.8,13.6,98,83,13.3,0.3,0,1.37
7/27/2020,18,12.6,81,61,12.7,0.9,0,3.22
7/28/2020,17,14,88,88,11,0.8,0,0.31
7/29/2020,16,12.6,98,98,21.6,1.5,0,1.21
7/30/2020,17,14,83,96,17.8,3.3,0,1.97
7/31/2020,18.4,13.6,90,92,22.1,2.9,0,2.07
8/1/2020,16.6,13.8,94,94,19.6,1.4,0,0.61
8/2/2020,15.6,13.6,98,98,31.5,0,0,3.35
8/3/2020,15.6,11.6,98,98,27.6,0,0,0.67
8/4/2020,15.8,12.6,94,98,24.2,0,0,1.23
8/5/2020,16.6,13,94,98,23.3,0.1,0,0.92
8/6/2020,15.6,14,98,98,21.1,0,39.3,0.81
8/7/2020,16.4,14,98,98,16.6,0,26.7,0.58
8/8/2020,16.8,13.8,98,96,18.1,0,16.8,0.34
8/9/2020,16,12.6,98,98,13.6,0,11.6,0.56
8/10/2020,16,14,98,90,14.9,0,3.9,0.76
8/11/2020,16.8,12.6,98,98,15.3,0.2,4.9,0.83
8/12/2020,18.4,13,90,67,20.5,7,0,3.28
8/13/2020,20,14.6,90,85,12.9,9.6,0,1.53
8/14/2020,21,15,81,76,10.2,6.9,0,4.37
8/15/2020,18.8,14.2,92,91,11.8,7.1,1.2,0.78
8/16/2020,18,14,100,94,14,1.9,3.2,1.72
8/17/2020,19.8,13,94,74,6.2,6.2,0,3
8/18/2020,20.6,13,82,94,2.9,11.2,15.7,0.42
8/19/2020,20.2,12.8,82,89,3.5,10.4,0,2.74
8/20/2020,19.4,13.2,91,67,3.8,10.1,7.1,0.29
8/21/2020,20.4,13.2,71,70,7.7,9.3,0,2.34
8/22/2020,21.2,14.6,75,90,9.5,6.5,2.7,5
8/23/2020,19.8,13.8,85,87,10.9,4.5,2.2,0.68
8/24/2020,18,13.4,98,79,15,6.1,0,6.13
8/25/2020,17.6,14,83,92,13.8,3.7,0,2.56
8/26/2020,16.8,13.6,98,83,13.3,5.7,0,2.31
8/27/2020,18,12.6,81,61,12.7,6.7,0.6,3.22
8/28/2020,17,14,88,88,11.6,5.2,7.6,1.01
8/29/2020,16,12.6,98,98,21.6,5.9,9.3,1.21
8/30/2020,17,14,83,96,17.8,5.3,4.8,1.97
8/31/2020,21,14,90,92,7.7,5.7,7.7,4.13
9/1/2020,19.6,13.6,98,85,6.3,0.5,2.3,1.01
9/2/2020,15.6,13.4,92,96,13.1,0,2.2,0.5
9/3/2020,21.6,13.6,96,86,15,0.4,1.1,1.59
9/4/2020,19.4,14.4,92,78,11.3,7.9,2,2.24
9/5/2020,19,14.2,98,92,11.1,1.6,0.4,2.88
9/6/2020,19.6,11,87,98,19.5,4.2,16.7,3.77
9/7/2020,17,13.6,86,81,17.7,0,0,0.96
9/8/2020,17.6,13.4,90,92,14.4,0.1,2.6,1.55
9/9/2020,16.6,12.6,98,96,24,0,14.5,0.55
9/10/2020,15.2,12.6,96,96,24.5,0,2.9,0.25
9/11/2020,15.6,13.4,96,96,25.2,0.1,0.6,2.39
9/12/2020,16.8,14,98,90,20.3,0.7,4.3,0.38
9/13/2020,16,13,98,94,15.2,0,5.8,0.3
9/14/2020,17.2,13.6,98,96,16.7,0.3,1.2,0.4
9/15/2020,17.2,13.6,90,90,16.3,0.7,4.2,0.62
9/16/2020,18.2,13.6,94,92,13.8,1.7,0.9,2.1
9/17/2020,18.2,14.2,98,90,18.8,1.2,5.4,0.25
9/18/2020,16.2,12.6,98,98,28.2,0,51.2,0.11
9/19/2020,15.2,13,98,96,33.2,0,14.4,1.44
9/20/2020,15.4,13.2,98,98,29.1,0,32.2,1.4
9/21/2020,15.2,12.8,100,98,27.9,0,17.3,0.82
9/22/2020,15.6,12.6,98,98,18.4,0,2.7,0.49
9/23/2020,16.8,13,98,98,8.6,0.4,0.2,1.49
9/24/2020,18.6,13.6,92,98,6.8,1.9,6.8,0.26
9/25/2020,17.6,14,94,82,7.8,0,0,2.46
9/26/2020,20,14,92,89,23.4,5.9,0,2.02
9/27/2020,19.8,13.6,83,87,0.7,5.5,0,1.75
9/28/2020,20.4,13.8,88,87,4.1,2.8,0.5,1.98
9/29/2020,17.2,13,98,92,4.1,2,1.5,2.41
9/30/2020,17,12.2,92,100,4.6,1.7,2.5,3.19
10/1/2020,17.8,11.6,92,83,32.5,1.6,0,3.41
10/2/2020,20.8,13.4,90,78,6.3,9.6,1.5,4.06
10/3/2020,21,11,98,96,2.2,1.6,1,2.02
10/4/2020,20.2,12.6,96,83,44.5,9.5,0,3.83
10/5/2020,20.6,10.2,58,67,5.1,9.8,0,5.45
10/6/2020,21.4,12,59,57,7,9.4,0,2.67
10/7/2020,20,12.2,76,79,2.6,2.7,0,1.78
10/8/2020,NA,13.6,74,81,2.2,4.5,0,3.48
10/9/2020,NA,14,83,75,3.9,2,3.4,3.69
10/10/2020,NA,13.6,92,72,23.3,2.5,10.9,2.29
10/11/2020,NA,12.8,98,98,22.6,1.3,21.8,0.36
10/12/2020,NA,2.4,98,90,36.1,2.4,3.8,0.8
10/13/2020,NA,8.6,94,100,30.1,0.5,26.7,0.19
10/14/2020,NA,13,96,94,29.6,0.4,29.6,0.9
10/15/2020,NA,13,98,96,28.5,0,7.7,0.35
10/16/2020,NA,11.8,98,96,20.4,4.3,0,3.63
10/17/2020,NA,12,68,83,7.8,5.9,0,3.61
10/18/2020,NA,13.2,94,88,11.3,7.2,0,3.81
10/19/2020,NA,13.6,88,77,19.2,4.7,0,3.36
10/20/2020,NA,13.6,86,67,18.6,7.9,3.4,2.85
10/21/2020,NA,13.4,98,94,15.9,0.4,4.8,2.1
10/22/2020,NA,13.6,98,90,18.2,1.3,1,0.3
10/23/2020,NA,12.6,86,82,13.1,8.6,0,3.41
10/24/2020,NA,13.6,87,77,12.4,7.3,0,3.29
10/25/2020,NA,12,85,89,4,5.8,0,2.77
10/26/2020,NA,13,75,79,2.3,2.2,0,2.3
10/27/2020,NA,11.6,73,87,1.6,0.3,0,0.9
10/28/2020,NA,12,72,74,2.9,1.8,0,1.04
10/29/2020,NA,13,69,84,3.1,1.5,0,1.18
10/30/2020,NA,13,70,91,0.1,1.7,0,3.42
10/31/2020,NA,13.6,65,96,4.9,0.2,0,0.74
11/1/2020,NA,14,76,96,1.8,0,0,1.07
11/2/2020,NA,14.6,87,89,0.6,0.2,0,0.84
11/3/2020,NA,12.6,81,81,1.2,3.9,6.5,2.87
11/4/2020,NA,12,80,96,0.6,1.8,21.5,0.93
11/5/2020,NA,12,76,89,2.1,5.2,9.3,3.31
11/6/2020,NA,13.6,92,94,7.6,0,3.2,1.64
11/7/2020,NA,13.8,90,98,7.7,1.2,2.6,2.55
11/8/2020,NA,13.6,98,98,2.7,1.5,5.3,1.17
11/9/2020,NA,14,84,96,4.3,4,0.6,2.12
11/10/2020,NA,13.6,89,84,1.4,4,7.6,0.37
11/11/2020,NA,13.6,91,96,1.6,1.3,10.8,3.76
11/12/2020,NA,14.6,86,85,2,2.2,0,0.61
11/13/2020,NA,12.6,92,93,1.1,2.9,4.8,1.87
11/14/2020,NA,14,92,76,6.5,1.5,5.1,1.27
11/15/2020,NA,14.2,89,98,6.6,3.4,6.4,2.17
11/16/2020,NA,14.6,100,96,2.6,0,16.4,0.05
11/17/2020,NA,14,92,96,3.1,0.2,12.2,2.12
11/18/2020,NA,14.2,70,96,1.7,1.7,22.7,2.54
11/19/2020,NA,12.6,89,94,3.4,1.1,11.2,0.8
11/20/2020,NA,13.6,83,82,5.4,2.2,6.7,1.57
11/21/2020,NA,13.6,80,92,3.9,2.3,4,2.71
11/22/2020,NA,13,76,90,3.1,0,0.4,1.41
11/23/2020,NA,13.8,83,84,5.1,2.2,2,2.03
11/24/2020,NA,14.4,87,83,8.3,1.2,1.7,3.39
11/25/2020,NA,12.4,98,92,9.4,0.1,0.6,1.01
11/26/2020,NA,12.6,64,59,6.4,10.6,0,3.06
11/27/2020,NA,10,75,67,2.9,8.3,0,2.33
11/28/2020,NA,11.6,33,92,2.8,4.9,0.4,2.33
11/29/2020,NA,13,70,67,7.1,10.4,0,4.26
11/30/2020,NA,12.4,75,87,5.4,4.6,0,1.5
12/1/2020,NA,14.2,68,92,6.7,0,2.6,1.5
12/2/2020,NA,14.6,90,100,13.1,0,22.2,0.5
12/3/2020,NA,13.4,96,94,16.1,0,3,0.5
12/4/2020,NA,13.6,98,100,14.5,0.1,7.6,0.62
12/5/2020,NA,13.6,96,92,7.2,1.2,0.5,3.01
12/6/2020,NA,12.6,78,92,6.3,4.9,0,2.52
12/7/2020,NA,12.4,50,92,2.9,5.7,0.3,2.99
12/8/2020,NA,12.6,73,98,4.9,2.7,3.5,0.26
12/9/2020,NA,12.6,60,75,6.2,9.6,0.3,4.25
12/10/2020,NA,13.4,80,84,3.6,2.2,0,1.93
12/11/2020,NA,11.4,55,85,3.1,5.5,0,3.28
12/12/2020,NA,10.6,88,72,3.5,0.7,0,1.11
12/13/2020,NA,9.6,56,72,3.1,5.4,0,1.97
12/14/2020,NA,8.8,42,90,4.8,2.3,0,2.21
12/15/2020,NA,9.4,44,89,5.2,3.2,0,3.17
12/16/2020,NA,9.2,57,85,4.6,8.3,0,2.92
12/17/2020,NA,9.6,58,88,4.1,4.3,3.5,3.81
12/18/2020,NA,13.2,78,85,5.2,5.7,11.2,1.71
12/19/2020,NA,14.2,96,98,13.7,0.2,24.2,0.53
12/20/2020,NA,13.8,98,100,10.8,0,52.2,0.31
12/21/2020,NA,14,98,96,10.1,0,18.2,2.1
12/22/2020,NA,12.4,98,92,2.7,0,2.4,0.97
12/23/2020,NA,13.6,90,96,4.3,1.9,2.8,1.4
12/24/2020,NA,12.4,71,80,6,5.1,0,1.6
12/25/2020,NA,10.2,72,63,4.7,6,2.8,2.34
12/26/2020,NA,13.8,94,96,5.3,1.7,4.1,0.78
12/27/2020,NA,14.2,92,94,5.9,0.9,12.2,2.82
12/28/2020,NA,13.6,98,98,5.5,0.9,3,0.91
12/29/2020,NA,11.6,76,79,6.8,10.1,0,2.88
12/30/2020,NA,12.6,69,76,8.4,8.9,15.8,0.93
12/31/2020,NA,11.4,98,100,12.2,0.2,27.5,1.22
1/1/2021,NA,12.6,89,98,5.7,0.4,0.5,2.03
1/2/2021,NA,13.6,96,98,10.2,0.5,2.6,0.52
1/3/2021,NA,14.2,98,98,9.7,0,10.1,0.29
1/4/2021,NA,12.6,98,98,5.2,0.4,17.6,0.47
1/5/2021,NA,11.6,90,94,3.6,0.9,9.8,0.92
1/6/2021,NA,13.6,90,92,5.4,4.1,0.8,3.7
1/7/2021,NA,12.2,75,84,3.9,0.5,0,0.44
1/8/2021,NA,13.4,90,88,3.6,0,0,1.1
1/9/2021,NA,13.4,92,98,3.8,0,0,0.47
1/10/2021,NA,14,98,96,8.2,0,0,0.3
1/11/2021,NA,12.6,96,98,3.1,0,0,0.33
1/12/2021,NA,14,98,96,8.4,0,0,0.64
1/13/2021,NA,13.4,100,94,5.1,0,0,0.41
1/14/2021,NA,14,96,96,4.1,0.2,0,1.09
1/15/2021,NA,12.4,89,94,2.3,0,0,1.51
1/16/2021,NA,11.8,79,83,4.5,0.8,0,1.9
1/17/2021,NA,12.8,90,84,5.4,1.4,0,1.97
1/18/2021,NA,11,90,98,4.9,0.6,9.6,0.15
1/19/2021,NA,13.4,77,90,2.9,0,3.3,1.74
1/20/2021,NA,13.6,81,81,5.7,0,3.4,2.63
1/21/2021,NA,12,82,78,5.8,7.6,0,3.27
1/22/2021,NA,9,78,82,3.4,6.5,0,0.39
1/23/2021,NA,11.4,81,79,3.8,3.1,0,2.94
1/24/2021,NA,8.6,58,64,4.6,10.7,0,3.41
1/25/2021,NA,8.4,55,74,4.6,10.2,0,2.5
1/26/2021,NA,8.8,51,77,5.2,10,0,2.93
1/27/2021,NA,10,77,82,4.1,8,0,4.19
1/28/2021,NA,13.4,72,76,5.1,6.5,0,2.61
1/29/2021,NA,13.4,96,73,2.1,0,1.4,0.88
1/30/2021,NA,12.4,77,98,5.9,2.8,3.8,2.52
1/31/2021,NA,13.2,98,98,10.7,1,8,3.14
2/1/2021,NA,13,94,94,10.3,0.4,5.4,1.75
2/2/2021,NA,13,98,98,8.7,0.6,5.5,0.49
2/3/2021,NA,12.8,98,98,6.5,0,1.4,0.29
2/4/2021,NA,11.4,98,96,5.5,2.4,0,1.88
2/5/2021,NA,11.6,76,98,4.8,1.2,0,2.29
2/6/2021,NA,12.8,86,98,6.7,0.3,9.1,0.89
2/7/2021,NA,12.2,96,98,8.5,1.6,1.6,0.44
2/8/2021,NA,9.4,98,96,7.9,0.1,2.5,0.46
2/9/2021,NA,8.8,37,88,3.6,7.5,0,3.46
2/10/2021,NA,8.8,61,98,3.3,5.8,0,3.28
2/11/2021,NA,7.6,96,69,4,8.7,0,1.51
2/12/2021,NA,10.4,42,90,4.1,6.9,0,3.83
2/13/2021,NA,13.4,55,88,3.5,6.1,0,2.29
2/14/2021,NA,11,90,92,2.9,2.8,0,2.41
2/15/2021,NA,9.8,56,72,3.1,7.6,0,2.26
2/16/2021,NA,9.8,45,81,3.8,9.6,0,3.07
2/17/2021,NA,9.2,71,59,2.7,10.5,0,4.23
2/18/2021,NA,10.2,35,80,5,7.8,0,4.25
2/19/2021,NA,11.2,86,84,3.9,3,22.6,4.1
2/20/2021,NA,11.2,59,86,5.1,5.5,3.5,1.7
2/21/2021,NA,11.8,96,96,6.7,4,17.2,0.48
2/22/2021,NA,12.2,84,82,6.5,3.6,0,1.61
2/23/2021,NA,10.2,66,77,4,7.4,0,3.18
2/24/2021,NA,9.8,43,79,4.2,6.2,0,2.55
2/25/2021,NA,10,47,71,4.4,6.1,0,4.73
2/26/2021,NA,9.4,44,90,4.6,7.1,0,5.2
2/27/2021,NA,12,18,86,5.2,8.5,0,2.71
2/28/2021,NA,8.2,34,78,7.1,9.8,0,3.41
3/1/2021,NA,7.8,41,41,6.4,10.2,0,4.6
3/2/2021,NA,8.2,28,54,5.7,10.6,0,5.47
3/3/2021,NA,7.4,21,86,4.3,6.3,0,3.42
3/4/2021,NA,8.8,30,83,4,7.9,0,3.43
3/5/2021,NA,12.4,25,68,3.5,2.2,0,2.7
3/6/2021,NA,12,45,94,3.9,3.1,24.6,2.58
3/7/2021,NA,14.2,54,98,8.5,8,1.1,2.54
3/8/2021,NA,11.2,88,92,6,5.9,7.2,2.39
3/9/2021,NA,10.8,70,83,6.6,8.1,0,2.85
3/10/2021,NA,12.4,94,98,9.3,1.6,21,3.72
3/11/2021,NA,12.4,96,96,9.8,0.6,7.1,0.9
3/12/2021,NA,12,85,68,9.3,7,0,4.88
3/13/2021,NA,11.4,86,66,8,8.8,0,3.6
3/14/2021,NA,11.6,86,96,8.5,5.4,2.4,2.16
3/15/2021,NA,12.8,62,64,9.8,9.1,0,2.89
3/16/2021,NA,10.6,74,59,6,7.8,0,2.71
3/17/2021,NA,11.6,59,65,11.1,8.2,0,2.41
3/18/2021,NA,11.8,36,70,4.1,1.8,0,1.63
3/19/2021,NA,12,68,84,4.1,0,0,1.64
3/20/2021,NA,12.4,68,92,3.4,2.7,0,1.31
3/21/2021,NA,11.8,61,85,3.8,3.5,3.1,2.84
3/22/2021,NA,13.6,69,79,8.2,7.5,0,4.16
3/23/2021,NA,13,68,76,9.4,6.9,0,4.09
3/24/2021,NA,13.8,89,71,11.2,0,2.1,0.38
3/25/2021,NA,13.8,91,60,14,0,2.9,2.27
3/26/2021,NA,13.2,90,78,14,4.2,0.9,4.13
3/27/2021,NA,13.4,96,96,6.1,1.3,5.4,0.7
3/28/2021,NA,11.4,66,73,3.2,0.7,16.8,2.85
3/29/2021,NA,12.8,73,96,4.5,4.1,45.5,1.84
3/30/2021,NA,11.8,82,74,3.9,6,0,3.6
3/31/2021,NA,11.6,37,56,5.4,8.7,0,4.9
4/1/2021,NA,11.8,34,60,5,6.3,0,3.64
4/2/2021,NA,10.6,23,34,3.9,8.8,0,4.81
4/3/2021,NA,11.6,40,57,3.9,7.3,0,2.98
4/4/2021,NA,13.2,48,46,4.9,8.9,0,6.07
4/5/2021,NA,11.8,36,40,5.8,5.8,0,4.96
4/6/2021,NA,9.6,57,51,4.5,8.3,0,2.67
4/7/2021,NA,10.2,44,64,4.6,6.1,0,5.27
4/8/2021,NA,11.4,55,82,3.6,4.5,0,1.91
4/9/2021,NA,12.2,81,96,3.7,2.1,0,2
4/10/2021,NA,14.6,88,96,3.9,2.8,50.6,0.31
4/11/2021,NA,13,81,88,2.3,0.5,10,1.53
4/12/2021,NA,11.8,75,92,4.2,0,5.2,2.63
4/13/2021,NA,12,70,75,4.4,6.1,0,3.51
4/14/2021,NA,13.8,74,85,3.2,6.6,13.5,2.26
4/15/2021,NA,12.4,86,96,3.1,3,33.2,2.87
4/16/2021,NA,12.6,75,96,3.2,3.1,18.6,0.92
4/17/2021,NA,12,72,90,3.6,3.5,0,1.91
4/18/2021,NA,12.4,76,83,3.9,7.2,0,1.55
4/19/2021,NA,9.4,77,65,3,6.9,0,3.78
4/20/2021,NA,11,57,60,3.6,9.3,0,2.91
4/21/2021,NA,10.6,80,76,3.5,5.9,0,2.93
4/22/2021,NA,13.2,63,92,3.9,3.9,0.4,0.62
4/23/2021,NA,10.6,76,87,3.4,6.6,0,1.94
4/24/2021,NA,11.4,62,78,4.1,10.3,0,3.74
4/25/2021,NA,10,40,52,3.8,8.4,0,3.77
4/26/2021,NA,13.4,35,81,3.5,6,0,1.56
4/27/2021,NA,11,64,88,3,5.1,0,1.05
4/28/2021,NA,12.4,55,90,3,5.2,8.4,1.53
4/29/2021,NA,13.8,78,74,3.4,4.4,0,1.68
4/30/2021,NA,14,94,88,3.9,2.8,0,2
5/1/2021,NA,14.8,81,94,3.8,3,0,2.9
5/2/2021,NA,12.8,83,92,3.4,1.2,4.5,1.85
5/3/2021,NA,13,79,88,4.1,0.8,3.8,2.23
5/4/2021,NA,12.8,79,92,4,5.9,10.3,3.11
5/5/2021,NA,13.4,69,81,4.3,7.6,0,3.41
5/6/2021,NA,14,79,90,6.5,7.2,20.2,2.41
5/7/2021,NA,14,86,90,3.9,2.9,0,1.02
5/8/2021,NA,13.4,76,78,3.9,5.7,0,2.18
5/9/2021,NA,13.6,73,96,3.1,3.9,7.2,0.69
5/10/2021,NA,14,85,98,2.5,2.9,21,0.29
5/11/2021,NA,14.4,76,96,3.2,5.8,16,1.9
5/12/2021,NA,15.6,80,98,5.2,3.9,13.6,0.41
5/13/2021,NA,13.8,94,88,11.9,0,9.4,1.87
5/14/2021,NA,13.6,75,81,17.1,4.2,9.1,1.63
5/15/2021,NA,14.8,73,70,24.1,0,0,2.41
5/16/2021,NA,14.4,90,85,7.4,5.3,0,4.22
5/17/2021,NA,13,76,74,4,2.9,0,2.07
5/18/2021,NA,13.6,65,85,3.7,3.1,0,3.23
5/19/2021,NA,14.4,77,90,11.9,3.9,5.6,2.34
5/20/2021,NA,14.4,90,84,15.7,1.9,2.4,3.4
5/21/2021,NA,14.8,96,96,19.6,0.2,0.5,0.8
5/22/2021,NA,13.8,94,82,19.2,5.2,1.8,2.08
5/23/2021,NA,14.4,100,96,19.7,0,10.7,1.56
5/24/2021,NA,14.4,98,98,23.2,0,70.1,0.34
5/25/2021,NA,10,98,98,27,0,13,2.88
5/26/2021,NA,9.6,96,100,35.5,0.1,31.1,0.74
5/27/2021,NA,13.4,98,89,20.9,0.3,8.4,1.34
5/28/2021,NA,13.8,94,98,9.9,5.5,0,1.85
5/29/2021,NA,14.6,88,92,9.9,3.2,2.2,2.46
5/30/2021,NA,14,94,79,10.4,5.9,0,3.93
5/31/2021,NA,13,84,90,11.3,8.4,0,1.46
6/1/2021,NA,14,90,78,8.4,10.9,2,3.87
6/2/2021,NA,15,90,82,4.1,7.6,0.5,1.96
6/3/2021,NA,14.8,86,98,6.4,2.3,60,2.01
6/4/2021,NA,14.6,98,83,9.5,1.1,13.8,1.74
6/5/2021,NA,13,96,98,11.6,2.4,0,1.03
6/6/2021,NA,12.6,72,90,6.5,6.9,0,2.95
6/7/2021,NA,15.2,68,94,8.9,6.2,0,3.64
6/8/2021,NA,13.6,86,94,15.1,2.5,10.8,1.46
6/9/2021,NA,14,98,88,14.2,1.4,0.4,2.06
6/10/2021,NA,12.6,90,77,16,9.8,0,2.92
6/11/2021,NA,12.8,76,74,16.2,10,0,1.1
6/12/2021,NA,13.6,71,96,20.8,7.6,4.6,0.78
6/13/2021,NA,12.4,92,92,21,5,24,3.07
6/14/2021,NA,13,94,79,20.3,2.2,0.5,2.86
6/15/2021,NA,13.8,86,79,17.6,7.4,0,0.82
6/16/2021,NA,13.6,90,77,18.8,8.3,0,3.75
6/17/2021,NA,13,94,81,15.8,8.2,0,4.05
6/18/2021,NA,13.2,86,74,10.5,9.5,0,4.1
6/19/2021,NA,12,59,81,10.7,9.6,0,3.88
6/20/2021,NA,11.2,42,50,3.2,11,0,3.79
6/21/2021,NA,11.8,61,52,6.9,11.2,0,2.46
6/22/2021,NA,13.2,81,60,11,6.1,0,2.08
6/23/2021,NA,14.4,80,98,14.4,7.1,1.1,1.25
6/24/2021,NA,13.8,98,98,18.6,0.9,1.5,3.72
6/25/2021,NA,13,87,73,13.2,9.3,0,3.64
6/26/2021,NA,13.6,89,90,18,1.9,2.2,4.95
6/27/2021,NA,13.6,96,94,11.5,2.2,0,2.19
6/28/2021,NA,12.4,86,73,7.4,9.4,0,1.62
6/29/2021,NA,14.6,70,88,6.4,6.7,0,3.4
6/30/2021,NA,13.8,81,89,8.8,6.1,2.4,1.54
7/1/2021,NA,13.4,92,98,12.2,2.5,3.9,2.94
7/2/2021,NA,13.4,96,84,11,4.6,0,2.69
7/3/2021,NA,13,90,79,4.8,4,0,2.19
7/4/2021,NA,12.6,81,98,3.8,3.3,9.4,1.58
7/5/2021,NA,14.4,71,85,4.7,5.4,11.6,2.49
7/6/2021,NA,13.8,86,90,4.4,0.4,0,1.14
7/7/2021,NA,15.6,86,88,7.2,2.1,5.7,0.6
7/8/2021,NA,14,94,96,10.9,4.7,0.5,2.39
7/9/2021,NA,11,98,96,20,0.1,95.7,0.56
7/10/2021,NA,8.4,98,98,32.1,0,14.8,1.44
7/11/2021,NA,12.8,87,90,22,0.1,4.7,2.29
7/12/2021,NA,14,87,82,19.9,2.1,1.4,2.89
7/13/2021,NA,13,78,92,17.3,8.6,0,1.59
7/14/2021,NA,14.4,89,79,10.5,3.7,0,3.46
7/15/2021,NA,14.2,92,75,6.1,0.8,0,2.01
7/16/2021,NA,14.2,86,81,6.3,5.2,0,1.18
7/17/2021,NA,14.4,84,88,3.6,3.6,11.2,0.96
7/18/2021,NA,15,92,94,15.6,2.1,0,3.13
7/19/2021,NA,13.6,90,75,21.4,9.8,0,3.77
7/20/2021,NA,13.6,78,63,26.3,8.2,0,5.1
7/21/2021,NA,13.6,78,83,27.9,6.1,0,4.46
7/22/2021,NA,13.4,96,90,33.9,0,4,1.57
7/23/2021,NA,14,96,98,23,0,21.7,0.68
7/24/2021,NA,13.8,96,96,27.5,0,6.1,0.82
7/25/2021,NA,12.8,98,98,17.5,0.4,3.7,0.64
7/26/2021,NA,13.2,94,98,19.8,0,17.5,2.27
7/27/2021,NA,14,87,96,17.6,7.4,1.6,2.8
7/28/2021,NA,14,98,98,15.2,1.8,1.3,1.32
7/29/2021,NA,13.6,88,74,14.5,7.2,0,3.89
7/30/2021,NA,13.6,65,83,10.6,8.3,0,3.13
7/31/2021,NA,14.2,86,73,10.1,10.3,0,3.22
8/1/2021,NA,13.4,96,79,14.9,8.7,0,4.17
8/2/2021,NA,12.8,98,88,16.9,1.8,0,1.85
8/3/2021,NA,14,86,86,11.7,4.5,0,3.28
8/4/2021,NA,14,84,88,12.3,4.9,0,2.11
8/5/2021,NA,14.6,94,90,15.7,3.9,1.5,2.79
8/6/2021,NA,14.2,98,98,10.3,0.4,0,3.11
8/7/2021,NA,14.6,96,94,9.7,3.2,0,2.91
8/8/2021,NA,14.2,96,94,10.4,6.4,8.8,2.01
8/9/2021,NA,14.6,98,98,12.4,3.9,2.8,0.66
8/10/2021,NA,13.6,98,88,15.2,2.2,0,2.54
8/11/2021,NA,14.4,98,96,9,2.3,21.7,2.61
8/12/2021,NA,13.4,98,98,9.8,0,5.7,0.77
8/13/2021,NA,14,98,83,9.3,2.9,1.1,1.81
8/14/2021,NA,12,96,83,12.4,1.3,2.5,0.91
8/15/2021,NA,13.2,98,74,10.8,0.8,0,1.79
8/16/2021,NA,14,90,86,10.4,5.6,0,2.55
8/17/2021,NA,14,98,94,19.1,3.5,0,1.64
8/18/2021,NA,13.4,100,98,17.8,3.4,4.8,0.48
8/19/2021,NA,13.4,96,79,13.5,8.7,0,3.92
8/20/2021,NA,14,86,83,4.7,7.1,1.3,3.24
8/21/2021,NA,13.2,98,98,3.2,0.5,2.5,0.12
8/22/2021,NA,13.2,92,88,4.5,0,0,1.43
8/23/2021,NA,12.8,80,79,6.8,6.3,0,2.14
8/24/2021,NA,14.2,83,88,9.7,8.1,0,2.04
8/25/2021,NA,12.8,96,98,12.9,2,5.6,1.93
8/26/2021,NA,13.8,98,96,18.9,0,5.5,0.73
8/27/2021,NA,13.6,100,98,25,0,8.4,0.67
8/28/2021,NA,13.6,98,92,24,0.1,18.3,0.22
8/29/2021,NA,9.6,96,98,26,0,21.5,0.13
8/30/2021,NA,13.4,94,89,17,0.1,1.6,1.23
8/31/2021,NA,13,92,92,7.1,8.8,0,2.89
9/1/2021,NA,14,98,86,11.6,4.2,2,2.09
9/2/2021,NA,13,98,98,11.4,3.4,2.5,0.53
9/3/2021,NA,13.4,96,98,12.6,0.1,3.5,0.29
9/4/2021,NA,13.2,98,98,17,0,5.7,0.22
9/5/2021,NA,13,94,96,20.5,0,14.9,0.81
9/6/2021,NA,13.8,100,96,18.6,0,2.1,1.31
9/7/2021,NA,12.4,98,98,14.7,4.8,0.4,2.61
9/8/2021,NA,13,92,96,10.9,5.2,0,3.33
9/9/2021,NA,12,82,92,4.7,8.2,0,4
9/10/2021,NA,14,88,82,11.4,4.1,0,3.46
9/11/2021,NA,12.6,92,84,15.4,6.5,0,3.72
9/12/2021,NA,14,89,85,17.7,5.4,0.8,3.89
9/13/2021,NA,14.4,98,96,17.4,2.3,1.8,0.8
9/14/2021,NA,14.2,98,83,9.4,2.1,1.4,0.84
9/15/2021,NA,15,88,92,9.1,4.1,0,2.15
9/16/2021,NA,14,90,90,9.4,0,1.5,1.96
9/17/2021,NA,14.6,86,96,7.8,0.2,0,1.97
9/18/2021,NA,13,81,94,4.2,1.6,0,2.1
9/19/2021,NA,15,72,96,2.2,0,1.3,1.21
9/20/2021,NA,13.8,92,96,4.8,0.1,2.5,0.22
9/21/2021,NA,13.2,98,98,10.3,1.2,0.5,0.15
9/22/2021,NA,13.6,90,92,5.4,3.9,0,2.72
9/23/2021,NA,14,94,98,9.8,4.1,0,2
9/24/2021,NA,14.8,87,94,5.6,0.1,10.1,0.31
9/25/2021,NA,12.8,100,98,13.7,0.3,0.5,1.41
9/26/2021,NA,9.4,88,100,23.6,0.2,3.6,0.13
9/27/2021,NA,13.8,98,92,29.8,0,8.8,1.3
9/28/2021,NA,13.4,100,98,20.6,0,8.6,0.92
9/29/2021,NA,14,89,98,9.9,1.8,0,2.91
9/30/2021,NA,14.8,94,98,4.7,0,2,3.62
10/1/2021,NA,15,90,92,5.3,3.5,8.5,1.01
10/2/2021,NA,13.6,88,90,6.4,0.3,31.3,0.87
10/3/2021,NA,12,94,96,4.8,0,36.6,0.12
10/4/2021,NA,14.2,94,90,11.3,0,4.1,2.01
10/5/2021,NA,13.8,94,96,13.1,1.4,9.2,1.89
10/6/2021,NA,13.4,96,92,11.4,1.6,7.1,1.41
10/7/2021,NA,13,92,75,13.8,3.3,0,3.8
10/8/2021,NA,11.4,88,88,18.4,3.1,0,2.89
10/9/2021,NA,14.4,92,84,18.8,0.6,0.5,3.26
10/10/2021,NA,14,98,96,16.5,0.6,32.2,0.22
10/11/2021,NA,13.8,98,96,22.1,0,7,1.53
10/12/2021,NA,13.8,100,98,16.9,0,5.4,3
10/13/2021,NA,13,96,88,13,4.9,0,1.09
10/14/2021,NA,14,96,85,17.1,2.1,0.1,1.67
10/15/2021,NA,14,96,78,14.8,2.8,2,2.76
10/16/2021,NA,12,100,94,18.8,0,1.6,1.36
10/17/2021,NA,13.6,96,86,18.4,0,0.7,1.54
10/18/2021,NA,12.6,96,72,10.4,3.1,0,2.89
10/19/2021,NA,12.6,81,90,3,3.6,9.7,1.73
10/20/2021,NA,12.6,87,100,2.4,0.4,11.4,0.62
10/21/2021,NA,13,90,94,2.8,4.9,21.4,2.86
10/22/2021,NA,12.6,57,96,2.8,5.8,18.2,3.62
10/23/2021,NA,12,94,94,3.1,0.2,48.1,2.56
10/24/2021,NA,14,96,86,5.3,3.4,1.5,2.86
10/25/2021,NA,13.6,73,96,3.5,6.2,7.3,1.18
10/26/2021,NA,13.6,96,90,3.1,0.9,32.5,1.16
10/27/2021,NA,13.6,71,79,3,5.1,0,1.8
10/28/2021,NA,15.6,84,94,1.7,0.8,11.1,1.91
10/29/2021,NA,14,96,100,2,0.6,60.3,0.18
10/30/2021,NA,12.6,90,98,2.5,1.1,57.2,0.11
10/31/2021,NA,14,94,98,3.3,4,5.9,1.69
11/1/2021,NA,13.6,90,96,2.2,7.6,37.5,0.6
11/2/2021,NA,14.8,81,94,3,10.4,1.5,0.99
11/3/2021,NA,15.2,87,96,3.8,2.4,12.3,0.41
11/4/2021,NA,13.6,86,92,9.9,1.9,1.1,1.9
11/5/2021,NA,14,100,86,8,0.7,0,1.64
11/6/2021,NA,13.6,90,94,11.5,1.1,13.1,0.42
11/7/2021,NA,13.6,96,98,10.1,0,9.3,0.4
11/8/2021,NA,14,98,94,8.5,0.2,11.2,0.23
11/9/2021,NA,14.6,94,96,3.5,0,7.6,0.5
11/10/2021,NA,12.6,98,98,7.5,0,2.5,1.68
11/11/2021,NA,14.6,96,98,11.7,0,7.1,1.04
11/12/2021,NA,11,98,98,14.5,0.1,7.1,0.83
11/13/2021,NA,13,100,89,16.4,2.8,1.4,1.03
11/14/2021,NA,12.6,98,98,18.1,0,4.5,1.94
11/15/2021,NA,14,94,96,10.9,0,6.1,1.71
11/16/2021,NA,13.6,100,98,10.1,0,0,2.01
11/17/2021,NA,13,94,94,7.1,0,1.5,1.65
11/18/2021,NA,12.6,94,96,10.4,0.3,0,1.85
11/19/2021,NA,11.6,90,94,9.4,4.2,24.9,1.71
11/20/2021,NA,13,84,83,13.2,4.8,0,2.85
11/21/2021,NA,14.6,98,73,15.1,3.2,0,3.41
11/22/2021,NA,14,83,80,8.1,4.6,0,2.16
11/23/2021,NA,14.4,80,94,7.1,2.5,25.3,1.37
11/24/2021,NA,14,100,98,7.4,0,15.6,0.11
11/25/2021,NA,11.6,100,98,2.8,0.2,10.8,0.27
11/26/2021,NA,11.6,90,94,2.7,3.2,10,2.11
11/27/2021,NA,13.6,90,98,3.3,3.4,16.8,1.27
11/28/2021,NA,12.6,92,81,4,2.4,11.4,1.57
11/29/2021,NA,13,94,100,3.4,3.1,0,2.41
11/30/2021,NA,11,100,100,4.5,5.3,1.1,3.05
12/1/2021,NA,15,83,100,5.1,8.3,0,2.87
12/2/2021,NA,14.6,79,100,1.8,6.6,6.6,0.97
12/3/2021,NA,13.6,86,87,2.1,5.5,0,1.49
12/4/2021,NA,10.6,90,90,3.1,3.7,0,2.33
12/5/2021,NA,11.6,81,96,2.6,8.7,0,2.71
12/6/2021,NA,14.6,81,92,4,11.1,0,3.11
12/7/2021,NA,10,79,90,5.1,9.9,0,2.53
12/8/2021,NA,14,82,94,6.4,8.1,11.4,2.66
12/9/2021,NA,11.2,98,86,5.6,8,0,3.74
12/10/2021,NA,12,98,78,7.6,4.3,3.2,1.9
12/11/2021,NA,11.6,89,96,8,6.8,0,1.47
12/12/2021,NA,14,94,100,9.8,0.3,23.4,1.62
12/13/2021,NA,12,94,98,8.8,0,21.5,1.33
12/14/2021,NA,12.4,89,100,6.6,0.8,2.6,1
12/15/2021,NA,12,98,98,6,0,3.2,1.78
12/16/2021,NA,13.6,90,96,4.4,3.1,1.7,0.5
12/17/2021,NA,14,88,86,5.2,6.1,0,3.65
12/18/2021,NA,11,72,90,5.4,2.5,28,2.88
12/19/2021,NA,12.6,100,92,8,4.4,0,1.45
12/20/2021,NA,13.6,65,84,1.2,8.2,0,3.18
12/21/2021,NA,14,88,88,3.3,5.9,0,2.02
12/22/2021,NA,9.4,68,80,3.1,7.9,0,0.76
12/23/2021,NA,10,65,83,2.3,6.6,0,2.21
12/24/2021,NA,5.4,70,90,3.4,9.1,0,2.66
12/25/2021,NA,8,47,73,5.5,11.2,0,4.54
12/26/2021,NA,8.4,32,71,6.5,11.2,0,3.38
12/27/2021,NA,6,43,84,3.6,9.9,0,3.71
12/28/2021,NA,7.6,57,75,4.5,10,0,2.34
12/29/2021,NA,11.4,54,77,7.8,10,0,2.52
12/30/2021,NA,12,84,92,9.2,5.3,1.2,3.1
12/31/2021,NA,12,94,100,9.8,1.7,0.8,1.96
